{"products":[{"id":1,"name":"Tasty Concrete Hat","description":"Eaque perferendis praesentium voluptas animi repellendus eum at. Iusto ex blanditiis rerum molestiae sit sed nisi repudiandae.","price":"547.00","imageUrl":"https://source.unsplash.com/1600x900/?product","quantity":77270},{"id":2,"name":"Licensed Concrete Shoes","description":"Est quae consequatur doloribus. Rerum dolorem amet et quo tempora maiores velit. Veritatis quia ad neque dolor est repudiandae veritatis. Doloremque harum incidunt voluptas atque distinctio veritatis sint. Perferendis at asperiores qui iure ad molestias. Culpa consequatur libero et iure eum.","price":"678.00","imageUrl":"https://source.unsplash.com/1600x900/?product","quantity":61903},{"id":3,"name":"Sleek Rubber Towels","description":"Vel sint quasi accusamus. Perspiciatis sint cumque cum facilis. Unde incidunt deserunt autem voluptas.","price":"964.00","imageUrl":"https://source.unsplash.com/1600x900/?product","quantity":75704},{"id":4,"name":"Fantastic Rubber Cheese","description":"Et corporis quibusdam impedit possimus officiis dignissimos quasi est. Quaerat animi ut nam dolorem non ratione perspiciatis aut.","price":"569.00","imageUrl":"https://source.unsplash.com/1600x900/?product","quantity":8531},{"id":5,"name":"Awesome Wooden Pants","description":"Qui facilis quia sequi ex sed ab et ipsam in. Esse debitis aliquam et cupiditate sit suscipit placeat ipsum. Quis eum placeat deleniti molestiae quo aliquid nostrum.","price":"198.00","imageUrl":"https://source.unsplash.com/1600x900/?product","quantity":44152},{"id":6,"name":"Fantastic Plastic Chair","description":"Ut et excepturi cumque dolore quibusdam non id neque eveniet. Et porro nulla sed beatae soluta cum ut.","price":"400.00","imageUrl":"https://source.unsplash.com/1600x900/?product","quantity":63006},{"id":7,"name":"Ergonomic Soft Chicken","description":"Nulla velit sequi distinctio molestiae dolores occaecati quos. Vel voluptas non est iusto cupiditate ipsam doloribus et.","price":"801.00","imageUrl":"https://source.unsplash.com/1600x900/?product","quantity":94471},{"id":8,"name":"Intelligent Granite Mouse","description":"Aspernatur et eos ut voluptate nam quam nisi atque. A quibusdam eveniet blanditiis necessitatibus minus autem accusantium molestiae nostrum. Est consequatur sed eos omnis possimus totam. Autem perferendis non fugiat aliquam porro ipsum voluptates. Accusantium voluptatem beatae. Et quod beatae.","price":"47.00","imageUrl":"https://source.unsplash.com/1600x900/?product","quantity":74552},{"id":9,"name":"Ergonomic Soft Computer","description":"Praesentium itaque illum aut mollitia alias labore blanditiis non asperiores. Et rerum voluptatem asperiores et ut dolore dolorem. Perferendis eaque ex corporis illo omnis beatae.","price":"908.00","imageUrl":"https://source.unsplash.com/1600x900/?product","quantity":51504},{"id":10,"name":"Handmade Soft Chips","description":"Accusamus architecto dolore laudantium cum quia. Placeat velit quia eum modi vel nobis.","price":"396.00","imageUrl":"https://source.unsplash.com/1600x900/?product","quantity":19964},{"id":11,"name":"Rustic Cotton Mouse","description":"Eveniet consequatur consequuntur est. Iste beatae et hic. Non maiores praesentium dolor accusamus dolores amet eum et dolores.","price":"848.00","imageUrl":"https://source.unsplash.com/1600x900/?product","quantity":32725},{"id":12,"name":"Unbranded Soft Cheese","description":"Eos reprehenderit voluptatum sed sint quam laborum dolor. Sunt voluptas cupiditate ex et nulla a error velit aliquid. Necessitatibus id delectus enim ipsam quo et et. Debitis laborum numquam eaque quis officia quas recusandae ut. Placeat suscipit dolor nam aut provident dolores.","price":"615.00","imageUrl":"https://source.unsplash.com/1600x900/?product","quantity":65253},{"id":13,"name":"Rustic Frozen Towels","description":"Omnis corrupti in ducimus eligendi nesciunt. Tenetur corrupti asperiores illum et veritatis ea repudiandae.","price":"604.00","imageUrl":"https://source.unsplash.com/1600x900/?product","quantity":52107},{"id":14,"name":"Intelligent Rubber Chips","description":"Quibusdam placeat dolorem autem accusantium id eos veritatis qui sed. Eos in consequatur doloremque tenetur. Assumenda quam dicta. Omnis voluptatum autem qui omnis quia et neque aperiam. Reiciendis dolorem sint nobis nam fugiat suscipit voluptatem est. Velit porro aliquid.","price":"548.00","imageUrl":"https://source.unsplash.com/1600x900/?product","quantity":48804},{"id":15,"name":"Generic Steel Table","description":"Et ut dicta eaque. Voluptatibus quis nisi facilis unde. Nihil sapiente dolores impedit ut natus. Debitis aspernatur atque facilis quisquam.","price":"94.00","imageUrl":"https://source.unsplash.com/1600x900/?product","quantity":63533},{"id":16,"name":"Refined Concrete Chair","description":"Eos molestiae quo qui rerum facere. Eos architecto repudiandae sit. Culpa distinctio quia voluptas rerum deserunt dicta vel qui quasi.","price":"366.00","imageUrl":"https://source.unsplash.com/1600x900/?product","quantity":79803},{"id":17,"name":"Awesome Plastic Soap","description":"Odio provident quidem quae recusandae accusantium est voluptate nemo non. Omnis delectus qui sit illum. Explicabo maiores id tempore natus ipsum rerum qui ut. Omnis est cupiditate officia nulla aspernatur et. Est ad impedit consequatur non ut qui recusandae ipsam. Aliquid laboriosam expedita esse asperiores voluptas voluptatem earum.","price":"136.00","imageUrl":"https://source.unsplash.com/1600x900/?product","quantity":88062},{"id":18,"name":"Tasty Concrete Shirt","description":"Ratione fugit temporibus qui non. Ut quia dicta sint facere ducimus deleniti pariatur fugit veritatis. Dolorem est voluptate minima voluptatem a modi et maxime voluptatem.","price":"699.00","imageUrl":"https://source.unsplash.com/1600x900/?product","quantity":13578},{"id":19,"name":"Fantastic Plastic Keyboard","description":"Harum eum aut voluptatum corrupti. Ipsam nobis architecto mollitia animi quibusdam ab. Et quia perferendis id est tempore.","price":"977.00","imageUrl":"https://source.unsplash.com/1600x900/?product","quantity":69224},{"id":20,"name":"Fantastic Concrete Computer","description":"Consequatur voluptatibus eos voluptas sed nulla assumenda optio fugiat. Ratione autem vero dolor nisi nesciunt nesciunt iste. Mollitia est rem magni nemo possimus neque magnam fugiat velit.","price":"304.00","imageUrl":"https://source.unsplash.com/1600x900/?product","quantity":94617},{"id":21,"name":"Fantastic Concrete Hat","description":"Minima et quia est. Ipsum numquam iusto. Ipsum corporis et optio vel commodi. Iste rerum iusto debitis accusamus non quia quia officia eius. Quidem voluptatem repudiandae aliquid ut. Omnis quo harum laudantium ab.","price":"73.00","imageUrl":"https://source.unsplash.com/1600x900/?product","quantity":76373},{"id":22,"name":"Practical Frozen Bacon","description":"Non a non enim officiis corporis quia itaque consequatur. Corporis necessitatibus sint magnam facere in. Doloribus nisi fugit aperiam et eos ut. Omnis qui autem est ut et et.","price":"520.00","imageUrl":"https://source.unsplash.com/1600x900/?product","quantity":18069},{"id":23,"name":"Handmade Soft Towels","description":"Earum necessitatibus qui ut et impedit rerum eius ducimus illo. Sapiente necessitatibus optio aliquid deleniti. Voluptas mollitia cum odit dicta. Est blanditiis tempore. Enim sed delectus cum.","price":"144.00","imageUrl":"https://source.unsplash.com/1600x900/?product","quantity":79813},{"id":24,"name":"Licensed Frozen Bike","description":"Qui odit aperiam fugiat nihil aliquid ut sunt. Eos et iure dolor. Inventore praesentium autem. A autem omnis quia nihil fuga ut nemo quas dolor. Sed sapiente possimus in cum quasi sunt.","price":"745.00","imageUrl":"https://source.unsplash.com/1600x900/?product","quantity":3764},{"id":25,"name":"Tasty Concrete Sausages","description":"Maxime sit minus ea aliquam sint explicabo in. Dolores quas delectus qui ut repudiandae vero amet. Labore ut assumenda blanditiis est officia. Ad ullam est voluptas illum quia atque. Architecto impedit reiciendis qui ratione.","price":"549.00","imageUrl":"https://source.unsplash.com/1600x900/?product","quantity":43581},{"id":26,"name":"Licensed Frozen Chicken","description":"Odit quia deleniti rem est sed. Distinctio praesentium quis asperiores. Mollitia ullam molestias et veniam est dolor minus illo.","price":"591.00","imageUrl":"https://source.unsplash.com/1600x900/?product","quantity":55335},{"id":27,"name":"Ergonomic Steel Chair","description":"Voluptatem aut corrupti. Maxime accusantium sunt qui magnam veritatis voluptas ut et. Labore nemo qui et necessitatibus est. Ipsa perspiciatis aliquam nam omnis quos. Maxime et sint dolores facilis ea doloribus quasi harum. Modi aliquam tempora dolor molestiae sit.","price":"47.00","imageUrl":"https://source.unsplash.com/1600x900/?product","quantity":19638},{"id":28,"name":"Tasty Wooden Chips","description":"Nesciunt aliquid voluptas eligendi. Cupiditate magni aut ab ipsa quos accusamus delectus dolorum.","price":"873.00","imageUrl":"https://source.unsplash.com/1600x900/?product","quantity":51768},{"id":29,"name":"Gorgeous Rubber Cheese","description":"Aut non eos distinctio quibusdam. Optio quia et. Ratione praesentium error quidem sint. Et dignissimos consequuntur eveniet est. Et culpa voluptate voluptatem. Reiciendis qui dolores qui tempore est sed.","price":"532.00","imageUrl":"https://source.unsplash.com/1600x900/?product","quantity":81181},{"id":30,"name":"Handcrafted Soft Sausages","description":"Saepe quia explicabo et saepe laudantium pariatur ducimus. Et doloremque reprehenderit omnis. Vel non aut tenetur eum. Omnis velit ab sit reprehenderit. Aliquam id dicta cum. Et aut dolores.","price":"15.00","imageUrl":"https://source.unsplash.com/1600x900/?product","quantity":99964},{"id":31,"name":"Gorgeous Metal Bike","description":"Veniam quas quidem itaque natus et ut qui voluptatem cupiditate. Sequi est laboriosam nesciunt repellat autem.","price":"770.00","imageUrl":"https://source.unsplash.com/1600x900/?product","quantity":43881},{"id":32,"name":"Small Wooden Salad","description":"Ducimus voluptatem dolores eligendi asperiores saepe deserunt in quas. Magnam asperiores autem expedita totam quam.","price":"85.00","imageUrl":"https://source.unsplash.com/1600x900/?product","quantity":80001},{"id":33,"name":"Sleek Fresh Pants","description":"Quam inventore omnis delectus velit suscipit. Vero autem repudiandae iste doloremque. Aut doloribus quo.","price":"592.00","imageUrl":"https://source.unsplash.com/1600x900/?product","quantity":32063},{"id":34,"name":"Awesome Rubber Shirt","description":"Nihil accusamus eos delectus repellendus expedita est. Non aut ea excepturi occaecati omnis accusamus. Ducimus qui pariatur hic consequatur odit voluptatem. Ut sequi modi ut voluptatum qui atque sit.","price":"535.00","imageUrl":"https://source.unsplash.com/1600x900/?product","quantity":57619},{"id":35,"name":"Intelligent Cotton Ball","description":"Officiis rerum aperiam autem quas expedita voluptas id molestiae minus. Qui necessitatibus repellendus ad sequi beatae est quod laborum. Aut dolorem non in iure nisi. Iure porro et molestias quo fuga. Voluptatem vero corporis quae fuga quia quia. Consequuntur quis veniam sint libero aspernatur deleniti.","price":"804.00","imageUrl":"https://source.unsplash.com/1600x900/?product","quantity":74877},{"id":36,"name":"Handmade Cotton Cheese","description":"Ut dolores eos consectetur quibusdam autem amet nihil. Possimus quia iste nisi consectetur totam. Officia pariatur est. Esse sit voluptatem illo possimus voluptatum perferendis nihil. Consequatur sint dolorum molestiae qui non. Et dignissimos et autem tenetur quos consequatur ea ut incidunt.","price":"783.00","imageUrl":"https://source.unsplash.com/1600x900/?product","quantity":94652},{"id":37,"name":"Awesome Fresh Gloves","description":"Atque ut doloremque. Pariatur possimus sed tenetur molestiae.","price":"113.00","imageUrl":"https://source.unsplash.com/1600x900/?product","quantity":39477},{"id":38,"name":"Handcrafted Concrete Shoes","description":"Ut dicta nobis necessitatibus consequatur debitis. Odio aliquid et est. Neque accusamus itaque veritatis quia ut eum omnis minus adipisci.","price":"633.00","imageUrl":"https://source.unsplash.com/1600x900/?product","quantity":93668},{"id":39,"name":"Licensed Rubber Towels","description":"In exercitationem quae et sed voluptatum quia. Et praesentium similique omnis fugit aut aut est.","price":"254.00","imageUrl":"https://source.unsplash.com/1600x900/?product","quantity":24877},{"id":40,"name":"Awesome Frozen Towels","description":"Doloribus quia qui ut voluptates impedit non vitae in. Sapiente ut iusto veniam eum quasi. Excepturi ullam nostrum. Laboriosam et molestias officia voluptatum excepturi. Vel eveniet soluta natus cum iste ex modi quis corporis.","price":"54.00","imageUrl":"https://source.unsplash.com/1600x900/?product","quantity":87846},{"id":41,"name":"Intelligent Steel Bike","description":"Expedita aspernatur doloribus enim alias. Totam ut atque corrupti repudiandae. Quo perspiciatis at quae rerum unde. Vel ipsum qui omnis aliquam et dolor.","price":"696.00","imageUrl":"https://source.unsplash.com/1600x900/?product","quantity":47948},{"id":42,"name":"Ergonomic Wooden Pants","description":"Corrupti aut pariatur. Dolorem dolorum nihil reprehenderit non voluptas eveniet. Numquam saepe sit et minima id est nihil non. Unde quae nam. Accusamus ut adipisci maxime impedit minus autem incidunt dolore. Autem repudiandae repudiandae sit minima cumque quia ea temporibus.","price":"385.00","imageUrl":"https://source.unsplash.com/1600x900/?product","quantity":96648},{"id":43,"name":"Ergonomic Cotton Computer","description":"Dicta ut earum corporis pariatur est quibusdam exercitationem. Dicta eos incidunt voluptatem eos. Quo ipsam minus.","price":"329.00","imageUrl":"https://source.unsplash.com/1600x900/?product","quantity":67134},{"id":44,"name":"Gorgeous Soft Car","description":"Pariatur nam pariatur. Unde aperiam provident repudiandae. Dolores harum veritatis et aut eaque iure. Rerum doloremque sapiente. Dolorum expedita qui fugit voluptatem tenetur ea voluptatem porro beatae.","price":"309.00","imageUrl":"https://source.unsplash.com/1600x900/?product","quantity":27181},{"id":45,"name":"Practical Cotton Gloves","description":"Maiores sunt hic. Consequatur placeat voluptatum rem facilis quod sequi ut. Sed sapiente non. Culpa maiores incidunt commodi nam facilis totam earum. Iste assumenda aut. Sequi aliquid sint vitae culpa voluptates.","price":"185.00","imageUrl":"https://source.unsplash.com/1600x900/?product","quantity":19692},{"id":46,"name":"Sleek Cotton Mouse","description":"Aut adipisci recusandae. Ut non voluptates quia iusto consequatur dolore dignissimos. Laborum deserunt et soluta sit. Repellendus consequatur eveniet tenetur repellat eum ut est culpa eius. Omnis similique voluptatum dolorum. Distinctio beatae deserunt voluptas.","price":"155.00","imageUrl":"https://source.unsplash.com/1600x900/?product","quantity":60149},{"id":47,"name":"Gorgeous Steel Mouse","description":"Enim voluptate sunt dolor tempora dolorum possimus odit. Similique explicabo iure unde dicta voluptatem. Sequi impedit quasi earum hic aut sed. Voluptas molestias vel voluptatem qui inventore quos a enim voluptates. Velit consequatur et voluptatibus consectetur temporibus sunt.","price":"884.00","imageUrl":"https://source.unsplash.com/1600x900/?product","quantity":63910},{"id":48,"name":"Unbranded Plastic Pizza","description":"Voluptas et et nesciunt id iste. Qui debitis enim sint beatae incidunt. Laudantium sint nihil consequuntur est nobis tempore incidunt ut. Totam asperiores quaerat expedita aut nemo optio quidem similique.","price":"939.00","imageUrl":"https://source.unsplash.com/1600x900/?product","quantity":2418},{"id":49,"name":"Handmade Steel Computer","description":"Voluptatem autem omnis aut sed voluptatem ut voluptate sunt expedita. Porro officia aut et sit quas consequatur. Non provident omnis fugit ea possimus consequuntur. Rem iure repellendus aliquid iste placeat eveniet non et molestias.","price":"867.00","imageUrl":"https://source.unsplash.com/1600x900/?product","quantity":49782},{"id":50,"name":"Fantastic Cotton Bike","description":"Dignissimos inventore quibusdam sunt. Ad laudantium laboriosam officiis pariatur possimus. Quo nam ut non magnam eos quidem dicta similique enim. Soluta impedit vero ut dolorum. Possimus eos aliquid consequatur non corporis nihil.","price":"945.00","imageUrl":"https://source.unsplash.com/1600x900/?product","quantity":26129},{"id":51,"name":"Refined Frozen Salad","description":"Rem accusamus alias neque quod ratione excepturi. Ut voluptate incidunt iusto rem necessitatibus molestiae vero ut. Laudantium sapiente rerum blanditiis et dolorem facilis et molestiae. Enim et voluptatem maxime officiis debitis. Iure non consequatur.","price":"254.00","imageUrl":"https://source.unsplash.com/1600x900/?product","quantity":13255},{"id":52,"name":"Tasty Cotton Fish","description":"Ea saepe quidem quibusdam consectetur. Commodi dolores omnis beatae ut. Architecto explicabo earum voluptas alias error dolor omnis ut recusandae. Aut quasi nisi nobis. Officia eius labore rem possimus. Deleniti possimus dolor delectus.","price":"532.00","imageUrl":"https://source.unsplash.com/1600x900/?product","quantity":28586},{"id":53,"name":"Handmade Concrete Car","description":"Error qui ut ab nobis delectus dolor ex. Nostrum aut et autem. Est consequatur alias voluptas qui esse repellendus veritatis molestiae. Assumenda iure eum ut unde facere. Aspernatur eos unde quia culpa beatae culpa modi qui. Fugiat id omnis aperiam qui.","price":"354.00","imageUrl":"https://source.unsplash.com/1600x900/?product","quantity":7134},{"id":54,"name":"Gorgeous Concrete Computer","description":"Recusandae autem nulla cum sequi tempore omnis. Culpa dicta reiciendis. Repudiandae quia iusto cupiditate aspernatur quibusdam. Nisi facilis qui dignissimos tenetur est reiciendis.","price":"879.00","imageUrl":"https://source.unsplash.com/1600x900/?product","quantity":28673},{"id":55,"name":"Refined Fresh Salad","description":"Voluptatem facere tenetur natus quia sed. Tempora nisi dolorem doloremque. Tempora sunt autem. Ut et fuga quia consequatur magni sint cumque dolor. Beatae quis velit magni et tenetur magni quaerat soluta.","price":"476.00","imageUrl":"https://source.unsplash.com/1600x900/?product","quantity":96164},{"id":56,"name":"Rustic Fresh Chips","description":"Labore eos sapiente voluptatibus perspiciatis et qui sint quas. Officia sunt molestiae. Quia labore tenetur dolorem repudiandae dolorem.","price":"262.00","imageUrl":"https://source.unsplash.com/1600x900/?product","quantity":96126},{"id":57,"name":"Incredible Concrete Tuna","description":"Quisquam suscipit velit sit qui. Eum ullam ut aut laudantium eos numquam temporibus ut dolor.","price":"356.00","imageUrl":"https://source.unsplash.com/1600x900/?product","quantity":5872},{"id":58,"name":"Practical Wooden Cheese","description":"Autem aperiam quibusdam vel blanditiis voluptas et nam. Nobis non reiciendis sapiente quam qui qui iure quis. Et et blanditiis eum nemo temporibus. Quasi quas ut labore quis. Sit harum molestias occaecati.","price":"323.00","imageUrl":"https://source.unsplash.com/1600x900/?product","quantity":98439},{"id":59,"name":"Gorgeous Metal Chair","description":"In consequatur consequatur quos laborum. Consequuntur est a voluptas. Corporis facere sapiente tempora maiores. Similique cumque velit qui sit quasi qui non. Maxime amet hic ipsa non eligendi deserunt. Omnis beatae ipsum minima voluptas aut.","price":"457.00","imageUrl":"https://source.unsplash.com/1600x900/?product","quantity":21538},{"id":60,"name":"Tasty Soft Bike","description":"Ut numquam ut hic. Nobis et maiores ut.","price":"242.00","imageUrl":"https://source.unsplash.com/1600x900/?product","quantity":83480},{"id":61,"name":"Incredible Granite Chicken","description":"Est quisquam est assumenda sit quisquam cumque ducimus. Alias quod totam ab aperiam repellat voluptate suscipit eius voluptas. Rerum modi necessitatibus laboriosam ex explicabo voluptatem. Non nobis hic autem.","price":"656.00","imageUrl":"https://source.unsplash.com/1600x900/?product","quantity":26983},{"id":62,"name":"Unbranded Rubber Bike","description":"Quasi tenetur sit facere quaerat et rerum officiis accusamus. Explicabo repellat occaecati quas tempora natus ea deleniti ut. Id esse quia suscipit nihil provident quam explicabo. Sit omnis nemo. Aut aliquid fugit explicabo dolores. Doloremque incidunt qui.","price":"198.00","imageUrl":"https://source.unsplash.com/1600x900/?product","quantity":11438},{"id":63,"name":"Practical Steel Computer","description":"Velit eveniet ipsa et excepturi. Deserunt aut sed ipsam cumque aut eveniet numquam ea sed. Iure et tempora ipsa esse odio doloremque enim atque. Dolor minima dolores sed rerum.","price":"253.00","imageUrl":"https://source.unsplash.com/1600x900/?product","quantity":25883},{"id":64,"name":"Intelligent Frozen Pizza","description":"Consequatur deserunt recusandae velit. Repellendus non consequatur. Accusamus ipsa porro qui hic voluptate id minus laudantium suscipit.","price":"101.00","imageUrl":"https://source.unsplash.com/1600x900/?product","quantity":67787},{"id":65,"name":"Practical Rubber Chair","description":"Itaque voluptatem consequatur. Incidunt inventore aut repellendus dignissimos. Debitis numquam sint consequatur iure ut. Dolorem libero autem qui aliquid eos pariatur sunt porro nemo.","price":"799.00","imageUrl":"https://source.unsplash.com/1600x900/?product","quantity":52260},{"id":66,"name":"Awesome Wooden Fish","description":"Et magni doloribus. Nostrum et ipsum quis. Quia deserunt tempore et. Nihil officia ad accusamus facere architecto. Ratione omnis sint amet officia est est possimus est distinctio. Sit quam eaque alias.","price":"456.00","imageUrl":"https://source.unsplash.com/1600x900/?product","quantity":84688},{"id":67,"name":"Fantastic Fresh Chair","description":"Quae suscipit aliquid. Quo neque ducimus. Et voluptate et illo qui. Velit quia sit magnam.","price":"925.00","imageUrl":"https://source.unsplash.com/1600x900/?product","quantity":34101},{"id":68,"name":"Licensed Rubber Bacon","description":"Distinctio occaecati unde earum qui occaecati rerum eos illum nobis. Ex deserunt omnis voluptas quisquam mollitia reprehenderit mollitia occaecati.","price":"87.00","imageUrl":"https://source.unsplash.com/1600x900/?product","quantity":85617},{"id":69,"name":"Fantastic Soft Fish","description":"Veniam iusto cumque est. Autem non sit repellat quia. Vero aliquam dolores eum ut cum qui.","price":"643.00","imageUrl":"https://source.unsplash.com/1600x900/?product","quantity":55235},{"id":70,"name":"Incredible Plastic Soap","description":"Saepe ullam perspiciatis quibusdam dolor ut dolor non numquam eum. Nostrum suscipit dolorum ullam. Et pariatur illo veritatis. Non aspernatur repudiandae inventore eos facilis est tempore.","price":"328.00","imageUrl":"https://source.unsplash.com/1600x900/?product","quantity":44277},{"id":71,"name":"Generic Cotton Bike","description":"Eum quia non et harum repellat beatae repudiandae. Cum asperiores eos debitis est molestiae commodi totam quia nostrum. Officiis ex commodi beatae. Quo voluptatibus doloremque neque. Facere non quia totam magni aut fugiat. Omnis molestiae possimus placeat.","price":"674.00","imageUrl":"https://source.unsplash.com/1600x900/?product","quantity":36126},{"id":72,"name":"Rustic Soft Chair","description":"Suscipit et at esse et est autem beatae et eius. Aspernatur ea voluptatem provident deserunt voluptatum. Eligendi asperiores blanditiis consequuntur quaerat recusandae aut harum dolorum. Eos aut est vero est. Aliquid sed culpa odit ipsa qui vero.","price":"660.00","imageUrl":"https://source.unsplash.com/1600x900/?product","quantity":17712},{"id":73,"name":"Handcrafted Concrete Sausages","description":"Omnis expedita id. Id excepturi aut saepe odio quia. Ipsa quos voluptatum voluptatem veritatis est rerum sint natus. Et maxime velit atque magni. Consequuntur explicabo laboriosam sit in exercitationem. Hic error nam repudiandae eos sed labore aspernatur.","price":"880.00","imageUrl":"https://source.unsplash.com/1600x900/?product","quantity":87500},{"id":74,"name":"Ergonomic Cotton Gloves","description":"Sed totam sunt maxime. Et omnis sit minus sunt corporis expedita aperiam. Et facilis amet. Omnis quo impedit id vel suscipit non velit ullam doloremque.","price":"266.00","imageUrl":"https://source.unsplash.com/1600x900/?product","quantity":34474},{"id":75,"name":"Licensed Cotton Bacon","description":"Non possimus voluptatibus omnis. Molestiae voluptatem est quia.","price":"937.00","imageUrl":"https://source.unsplash.com/1600x900/?product","quantity":21533},{"id":76,"name":"Awesome Metal Ball","description":"Voluptates reprehenderit maxime et a omnis possimus amet voluptatum esse. Incidunt facilis et voluptatem quae accusamus consectetur provident voluptates non.","price":"234.00","imageUrl":"https://source.unsplash.com/1600x900/?product","quantity":13695},{"id":77,"name":"Intelligent Soft Keyboard","description":"Et et vel recusandae et fugiat at et blanditiis qui. Ipsam quisquam eaque totam et aut.","price":"185.00","imageUrl":"https://source.unsplash.com/1600x900/?product","quantity":639},{"id":78,"name":"Gorgeous Concrete Bacon","description":"Ex et rerum et nobis placeat sequi totam labore nostrum. Similique et exercitationem accusamus. Iure veniam et fugit fugiat similique facere reprehenderit. Qui ipsa repudiandae.","price":"350.00","imageUrl":"https://source.unsplash.com/1600x900/?product","quantity":45437},{"id":79,"name":"Rustic Wooden Salad","description":"Dolor aut iste accusamus. Et omnis nobis rem id voluptatum deserunt vitae enim. Occaecati sapiente vero reiciendis dolores recusandae aut sit ratione. Ducimus totam voluptatum voluptatem vero et. Excepturi quis sint natus enim reiciendis repudiandae sequi assumenda. Ut fugit ea maiores quod.","price":"81.00","imageUrl":"https://source.unsplash.com/1600x900/?product","quantity":81492},{"id":80,"name":"Sleek Steel Computer","description":"Dolores facere corporis esse sunt sapiente voluptatem. Cupiditate voluptatibus iste ut quaerat ut amet culpa modi. Velit ipsa ab aut consequatur voluptas. Voluptatibus alias necessitatibus perspiciatis veritatis dolorum.","price":"414.00","imageUrl":"https://source.unsplash.com/1600x900/?product","quantity":86996},{"id":81,"name":"Handmade Rubber Sausages","description":"Veritatis sunt at porro quia. Molestiae cum ratione distinctio soluta.","price":"22.00","imageUrl":"https://source.unsplash.com/1600x900/?product","quantity":35921},{"id":82,"name":"Incredible Metal Bacon","description":"Eum ullam facilis quisquam blanditiis molestiae sit maxime maiores. Quibusdam perferendis est illo molestiae. Ex voluptas et dolorum pariatur. Beatae deserunt voluptas.","price":"852.00","imageUrl":"https://source.unsplash.com/1600x900/?product","quantity":23648},{"id":83,"name":"Small Steel Hat","description":"Totam cupiditate aut. Reprehenderit explicabo ad quod beatae qui at maiores. Molestiae labore vero harum est rerum. Voluptatibus autem ex sit aut veritatis. Iste animi ea distinctio.","price":"154.00","imageUrl":"https://source.unsplash.com/1600x900/?product","quantity":28158},{"id":84,"name":"Small Plastic Table","description":"Eos dolor non. Velit omnis quam minima aliquid placeat quae quo suscipit quidem. Voluptates sunt commodi quia quidem et est.","price":"637.00","imageUrl":"https://source.unsplash.com/1600x900/?product","quantity":18603},{"id":85,"name":"Handmade Frozen Car","description":"Sit a est aut eveniet eum est temporibus deleniti. Laboriosam autem eligendi consectetur distinctio id minima eligendi autem. Aut quis dolorum modi. Aut aliquid adipisci minus temporibus. Hic natus ullam accusantium qui ut asperiores quaerat enim. Provident assumenda magni molestiae et mollitia mollitia.","price":"831.00","imageUrl":"https://source.unsplash.com/1600x900/?product","quantity":75700},{"id":86,"name":"Awesome Frozen Chicken","description":"Voluptatem cupiditate aut et eos velit expedita recusandae. Voluptatem ipsam sed et ut repudiandae sed voluptatem. Suscipit sed sit id. Quia non sunt odit dicta deserunt qui id.","price":"120.00","imageUrl":"https://source.unsplash.com/1600x900/?product","quantity":20342},{"id":87,"name":"Generic Steel Sausages","description":"Hic rerum expedita nesciunt tempora aspernatur. Numquam explicabo molestiae iusto et quisquam quibusdam minus.","price":"651.00","imageUrl":"https://source.unsplash.com/1600x900/?product","quantity":42616},{"id":88,"name":"Gorgeous Rubber Soap","description":"Recusandae et fugit est necessitatibus eligendi. Sequi omnis blanditiis consequatur qui velit ut quod ipsa reprehenderit. Dolorum mollitia aliquam ab quidem.","price":"374.00","imageUrl":"https://source.unsplash.com/1600x900/?product","quantity":48012},{"id":89,"name":"Handmade Concrete Car","description":"Totam repudiandae inventore soluta. Eaque eos asperiores debitis.","price":"583.00","imageUrl":"https://source.unsplash.com/1600x900/?product","quantity":54484},{"id":90,"name":"Rustic Fresh Bacon","description":"Voluptas laborum praesentium voluptatum sint ut sit ipsa et. Eveniet sint et possimus accusamus rerum.","price":"488.00","imageUrl":"https://source.unsplash.com/1600x900/?product","quantity":56953},{"id":91,"name":"Sleek Wooden Soap","description":"Repellendus odio dignissimos. Aut maiores dignissimos.","price":"168.00","imageUrl":"https://source.unsplash.com/1600x900/?product","quantity":95638},{"id":92,"name":"Gorgeous Granite Fish","description":"Non expedita sint doloremque rerum. Et non laboriosam voluptate aliquid quo. Voluptatem fugit neque velit. Aut rem voluptatibus. Sed quam neque iure ut quis.","price":"579.00","imageUrl":"https://source.unsplash.com/1600x900/?product","quantity":54306},{"id":93,"name":"Awesome Fresh Shoes","description":"Voluptatem est suscipit quas eum qui est ratione animi. Nihil exercitationem fuga maiores sunt et. Dolores accusantium consequuntur expedita veritatis voluptatem et consectetur provident numquam. Est alias commodi recusandae nihil quisquam.","price":"608.00","imageUrl":"https://source.unsplash.com/1600x900/?product","quantity":14592},{"id":94,"name":"Unbranded Wooden Salad","description":"Qui aut voluptatem deleniti. Ullam et omnis reiciendis cum consequuntur sed. Modi cumque atque quia et et sint sapiente nostrum eius. Non id ut dolore vel dolorem quia explicabo harum eveniet. Et perferendis quia nemo quidem unde voluptatem exercitationem hic voluptatem. Qui qui sit repellendus qui.","price":"413.00","imageUrl":"https://source.unsplash.com/1600x900/?product","quantity":76778},{"id":95,"name":"Generic Rubber Ball","description":"Vero qui est nihil incidunt ut itaque qui sunt. Omnis omnis reprehenderit dolorem vitae aliquam quod perspiciatis.","price":"163.00","imageUrl":"https://source.unsplash.com/1600x900/?product","quantity":58445},{"id":96,"name":"Practical Frozen Table","description":"Laborum atque ut. Repudiandae inventore et unde in ea culpa iusto. Possimus consequatur consequatur ad nobis soluta voluptatem earum.","price":"122.00","imageUrl":"https://source.unsplash.com/1600x900/?product","quantity":42474},{"id":97,"name":"Ergonomic Concrete Chips","description":"Qui laborum maiores. Iste accusantium cum veritatis omnis dolore. Maxime voluptatem ipsa fuga ut quia deleniti ullam. Deleniti praesentium est itaque quos et.","price":"425.00","imageUrl":"https://source.unsplash.com/1600x900/?product","quantity":21487},{"id":98,"name":"Handcrafted Cotton Mouse","description":"Quod est magni iste illum eum repellat. Excepturi dignissimos sapiente tenetur ducimus inventore et. Vitae unde nam unde minus. Saepe dignissimos qui dolorem minima sed aut expedita. Voluptas aut iusto beatae et ut enim nisi.","price":"482.00","imageUrl":"https://source.unsplash.com/1600x900/?product","quantity":3194},{"id":99,"name":"Intelligent Metal Gloves","description":"Esse voluptatem adipisci asperiores. Rerum voluptate explicabo consequuntur odit id laudantium ea. Ut quia voluptatem non qui. Dolorem non labore illo a consequatur non. Animi natus occaecati eum eligendi unde ipsum occaecati molestias.","price":"238.00","imageUrl":"https://source.unsplash.com/1600x900/?product","quantity":60391},{"id":100,"name":"Gorgeous Plastic Shoes","description":"Rem id doloribus in ea. Ipsum debitis porro explicabo sed sed. Ut enim id a vel.","price":"302.00","imageUrl":"https://source.unsplash.com/1600x900/?product","quantity":30526},{"id":101,"name":"Refined Fresh Cheese","description":"Possimus iste quos iste velit aut ex ut hic. Rerum sed rerum provident a praesentium quos. Modi a cumque fugit qui illum est voluptas.","price":"184.00","imageUrl":"https://source.unsplash.com/1600x900/?product","quantity":59785},{"id":102,"name":"Handcrafted Wooden Table","description":"Aut repudiandae vitae asperiores nostrum enim. Nihil aliquid recusandae ut esse ut molestiae esse. Est consectetur vel explicabo in error ut. Suscipit qui distinctio. Fuga maiores nesciunt eos quae fugit perferendis et.","price":"417.00","imageUrl":"https://source.unsplash.com/1600x900/?product","quantity":8428},{"id":103,"name":"Fantastic Fresh Tuna","description":"Quibusdam eum eaque qui. Illum temporibus delectus fugiat velit non necessitatibus eos. Repellendus ex tenetur earum sunt accusantium. Est velit et voluptate. Non magni aut quia amet.","price":"423.00","imageUrl":"https://source.unsplash.com/1600x900/?product","quantity":71503},{"id":104,"name":"Ergonomic Rubber Sausages","description":"Totam quas atque et mollitia in. Dolor omnis modi aut velit odio autem qui enim nihil. Ut inventore molestias dolore numquam facilis. Nobis consequuntur laborum earum doloremque ad sint sint odio.","price":"257.00","imageUrl":"https://source.unsplash.com/1600x900/?product","quantity":46376},{"id":105,"name":"Handcrafted Fresh Chips","description":"Asperiores esse earum hic possimus. Dolorum vel dignissimos ex animi.","price":"284.00","imageUrl":"https://source.unsplash.com/1600x900/?product","quantity":1179},{"id":106,"name":"Licensed Plastic Towels","description":"Nihil est eius atque nostrum deleniti impedit maiores provident id. Assumenda hic aspernatur veniam vitae voluptatem dolores nihil nihil recusandae. Sunt vel consequatur suscipit quia laborum. Nostrum consequatur iusto et quibusdam aut aut nisi qui. Sunt voluptatem voluptates nihil. Sint est perferendis magnam nihil.","price":"461.00","imageUrl":"https://source.unsplash.com/1600x900/?product","quantity":7887},{"id":107,"name":"Gorgeous Metal Mouse","description":"Necessitatibus et velit enim sunt earum. Sequi repudiandae qui omnis. Eos natus ut velit dolor dolorem.","price":"487.00","imageUrl":"https://source.unsplash.com/1600x900/?product","quantity":74161},{"id":108,"name":"Licensed Granite Mouse","description":"Et quod occaecati facere ducimus. Aliquid veritatis tenetur libero minima.","price":"524.00","imageUrl":"https://source.unsplash.com/1600x900/?product","quantity":36004},{"id":109,"name":"Ergonomic Granite Pizza","description":"Maxime magnam sit. Veritatis vitae in provident vel sed doloremque unde tempora. Vel necessitatibus velit ut sit. Sed ipsum accusamus qui est. Itaque nemo nesciunt soluta. Et nostrum amet delectus et fugit.","price":"674.00","imageUrl":"https://source.unsplash.com/1600x900/?product","quantity":42950},{"id":110,"name":"Rustic Cotton Keyboard","description":"Officiis qui nemo nisi ducimus. At quis ea. Eveniet eligendi et voluptas fuga quis ut tenetur sapiente rem.","price":"71.00","imageUrl":"https://source.unsplash.com/1600x900/?product","quantity":22694},{"id":111,"name":"Awesome Soft Shirt","description":"Officiis esse sint quod et quod quam deleniti animi. Aperiam velit expedita dignissimos iusto animi explicabo sunt. Ut aliquid ut. Aut maiores aut officia non cupiditate. Aut magni dolor nam voluptatibus eius unde aut eveniet.","price":"334.00","imageUrl":"https://source.unsplash.com/1600x900/?product","quantity":61306},{"id":112,"name":"Small Plastic Pants","description":"Culpa ad unde inventore necessitatibus repudiandae quidem est. Eveniet quo dolores et nihil dignissimos ex nam adipisci similique. Ut illum vel inventore modi et qui exercitationem. Necessitatibus neque rerum ducimus. Accusamus debitis quaerat minima ab sunt inventore quis deleniti inventore. Pariatur consectetur in non enim tenetur ut explicabo aliquam.","price":"478.00","imageUrl":"https://source.unsplash.com/1600x900/?product","quantity":37425},{"id":113,"name":"Small Granite Chair","description":"Et odio ut harum nobis recusandae ad. Aut quia voluptas explicabo aperiam rem ab. Officiis modi quia ea fugiat est et. Earum quo sunt cumque id.","price":"582.00","imageUrl":"https://source.unsplash.com/1600x900/?product","quantity":78691},{"id":114,"name":"Rustic Soft Shirt","description":"Aut expedita ipsum ea dolor aut. Et ratione fugit possimus velit sint expedita quia animi.","price":"67.00","imageUrl":"https://source.unsplash.com/1600x900/?product","quantity":16135},{"id":115,"name":"Ergonomic Soft Tuna","description":"Neque ex ea voluptates nesciunt officia repellendus et. Rerum cum unde odit.","price":"117.00","imageUrl":"https://source.unsplash.com/1600x900/?product","quantity":90171},{"id":116,"name":"Gorgeous Cotton Table","description":"Repudiandae corrupti voluptatem ea quis. Cupiditate velit dolor alias id. Pariatur nobis modi in officia et et. Dolorem doloribus distinctio rem voluptatem. Repellendus rerum pariatur quibusdam illo qui voluptas eveniet deleniti.","price":"23.00","imageUrl":"https://source.unsplash.com/1600x900/?product","quantity":40304},{"id":117,"name":"Small Soft Cheese","description":"Reprehenderit perferendis beatae. Laudantium totam soluta sed. Dolor ab placeat aliquam ipsam voluptas rerum adipisci ratione. Ea quia modi consequatur.","price":"926.00","imageUrl":"https://source.unsplash.com/1600x900/?product","quantity":27057},{"id":118,"name":"Incredible Fresh Bike","description":"Nisi voluptas facilis consequatur nulla earum dolor necessitatibus. Eos eos sint voluptas eum voluptas recusandae. Sit ut qui.","price":"788.00","imageUrl":"https://source.unsplash.com/1600x900/?product","quantity":62899},{"id":119,"name":"Small Fresh Towels","description":"Cum consequuntur rerum dolor et. Rerum cumque vitae. Quo sunt excepturi nihil.","price":"247.00","imageUrl":"https://source.unsplash.com/1600x900/?product","quantity":84520},{"id":120,"name":"Incredible Cotton Ball","description":"Amet earum tempora quia et non natus non ut. Rem voluptas quos dignissimos voluptas adipisci aperiam facilis ut animi.","price":"63.00","imageUrl":"https://source.unsplash.com/1600x900/?product","quantity":36826},{"id":121,"name":"Ergonomic Frozen Towels","description":"Unde minima facere consequatur. Maxime quo dolorem exercitationem aliquam dicta sed velit id.","price":"776.00","imageUrl":"https://source.unsplash.com/1600x900/?product","quantity":69189},{"id":122,"name":"Practical Fresh Fish","description":"Nemo sit quod debitis sed odit et in sed. Corporis beatae possimus ipsum ut aut. Deleniti sunt repudiandae suscipit et nemo ex quisquam tempora. Adipisci alias non quo nemo qui.","price":"832.00","imageUrl":"https://source.unsplash.com/1600x900/?product","quantity":48381},{"id":123,"name":"Generic Metal Mouse","description":"Natus quo doloremque doloremque. Sed qui delectus a a id ut et aperiam qui. In sit non velit. Quae et ipsa voluptates aspernatur. Architecto libero autem nemo quibusdam omnis praesentium architecto et illum. A totam deleniti officia facilis dolore nulla qui expedita.","price":"640.00","imageUrl":"https://source.unsplash.com/1600x900/?product","quantity":65168},{"id":124,"name":"Licensed Soft Chicken","description":"Sit nostrum animi ipsum assumenda ex in quia ducimus magni. Autem nostrum ea. Corrupti repellat enim. Praesentium dolorem aliquam.","price":"949.00","imageUrl":"https://source.unsplash.com/1600x900/?product","quantity":23623},{"id":125,"name":"Awesome Cotton Tuna","description":"Aspernatur omnis vero. Quisquam ullam recusandae ut eum esse incidunt.","price":"900.00","imageUrl":"https://source.unsplash.com/1600x900/?product","quantity":48877},{"id":126,"name":"Gorgeous Concrete Bike","description":"Enim consequuntur eaque cupiditate asperiores qui fugiat vitae molestiae. Libero nostrum quasi voluptas recusandae nostrum. Repellat pariatur provident ratione et doloribus dolorem voluptatem consectetur et. Nostrum sint aperiam vel ad minus doloremque. Est asperiores ipsam voluptatem velit unde quia commodi.","price":"994.00","imageUrl":"https://source.unsplash.com/1600x900/?product","quantity":99347},{"id":127,"name":"Handcrafted Plastic Chips","description":"Unde nobis deserunt. Corrupti recusandae dolore quia.","price":"481.00","imageUrl":"https://source.unsplash.com/1600x900/?product","quantity":42122},{"id":128,"name":"Handmade Concrete Mouse","description":"Officiis ut ex omnis et in dolor consequatur odit. Sequi sed et enim praesentium in. Sed facere et voluptatibus et eaque.","price":"855.00","imageUrl":"https://source.unsplash.com/1600x900/?product","quantity":39809},{"id":129,"name":"Rustic Metal Salad","description":"Aliquid et quis voluptatibus similique laboriosam cupiditate dicta consequatur. Et aut vitae quas.","price":"501.00","imageUrl":"https://source.unsplash.com/1600x900/?product","quantity":97679},{"id":130,"name":"Intelligent Steel Shoes","description":"Velit ad temporibus aut excepturi aliquid enim autem eos. Deleniti voluptatum molestiae. Officiis nobis voluptas ut dolor omnis. Ducimus assumenda sit.","price":"984.00","imageUrl":"https://source.unsplash.com/1600x900/?product","quantity":23386},{"id":131,"name":"Intelligent Fresh Towels","description":"Vero voluptas doloremque veritatis velit molestiae. Aliquam eos adipisci ab est. Quo dolor necessitatibus quia. Ut minima quae nisi nulla dolores eveniet eius omnis aut.","price":"260.00","imageUrl":"https://source.unsplash.com/1600x900/?product","quantity":60831},{"id":132,"name":"Small Fresh Keyboard","description":"Voluptatem doloribus voluptatem. Dolor fugiat molestiae similique tenetur dolores et eligendi. Quam provident expedita iure quos.","price":"579.00","imageUrl":"https://source.unsplash.com/1600x900/?product","quantity":39223},{"id":133,"name":"Gorgeous Soft Sausages","description":"Repellendus est et veniam cumque autem. Quo ut voluptatem quo impedit. Numquam qui voluptatum eveniet consequatur.","price":"492.00","imageUrl":"https://source.unsplash.com/1600x900/?product","quantity":28194},{"id":134,"name":"Handcrafted Wooden Salad","description":"Eligendi rem at ipsam dolorum nihil. Dolorum quae minus autem natus fugiat. Vel alias eius iusto.","price":"42.00","imageUrl":"https://source.unsplash.com/1600x900/?product","quantity":77447},{"id":135,"name":"Gorgeous Frozen Computer","description":"Esse doloremque magnam molestiae iste aut. Et quia sint adipisci necessitatibus non odio ut necessitatibus. In unde aut. Qui ut aspernatur. Est fuga vero accusamus sed dolor. Ipsum fuga qui labore fuga laborum nihil odio.","price":"860.00","imageUrl":"https://source.unsplash.com/1600x900/?product","quantity":87940},{"id":136,"name":"Tasty Plastic Ball","description":"Magni sed aut fugiat aspernatur non facere non aut. Quaerat ipsam asperiores.","price":"747.00","imageUrl":"https://source.unsplash.com/1600x900/?product","quantity":30441},{"id":137,"name":"Small Metal Shoes","description":"Neque necessitatibus sequi. Temporibus quis iure ullam occaecati perspiciatis tempora ut in.","price":"113.00","imageUrl":"https://source.unsplash.com/1600x900/?product","quantity":18537},{"id":138,"name":"Fantastic Granite Sausages","description":"Et laudantium in asperiores fuga sed soluta tenetur. Quo culpa nobis non. Architecto nostrum facere. Unde animi rerum consequatur iste perferendis pariatur nam beatae. Ullam est inventore minus ea at nobis.","price":"163.00","imageUrl":"https://source.unsplash.com/1600x900/?product","quantity":35775},{"id":139,"name":"Generic Metal Tuna","description":"Ducimus atque amet beatae. Atque officiis voluptas distinctio voluptatem et. Accusamus labore fugiat cum dolorem quia consequatur sit soluta. Eum natus incidunt sunt. Quibusdam nemo omnis sit et ut itaque delectus qui. Ut sunt reprehenderit quibusdam aut odio dolorem quam voluptate.","price":"692.00","imageUrl":"https://source.unsplash.com/1600x900/?product","quantity":87714},{"id":140,"name":"Generic Concrete Shoes","description":"Tenetur voluptas itaque praesentium explicabo sed ipsam sint. Ad dolores possimus omnis qui est officiis quod. In iste provident optio nihil et doloribus porro. Expedita aut ullam ea fuga aut velit. Molestias recusandae enim id qui odit quod aliquam tempora. Et dolores voluptatem et eos illo aut nobis expedita.","price":"501.00","imageUrl":"https://source.unsplash.com/1600x900/?product","quantity":19009},{"id":141,"name":"Incredible Frozen Shoes","description":"Voluptatem aut mollitia facere nisi quae sit assumenda quia est. Dolor unde rerum voluptas praesentium. Dolor ut aut possimus pariatur ducimus quis quaerat rerum. Delectus voluptatibus qui placeat deserunt ut voluptates unde. Quo nobis sequi ab libero architecto sit asperiores ut.","price":"271.00","imageUrl":"https://source.unsplash.com/1600x900/?product","quantity":3520},{"id":142,"name":"Awesome Soft Hat","description":"Eaque illo autem aut explicabo pariatur. Commodi rerum corporis quia rem error impedit. Molestiae quo doloribus esse harum veritatis veniam consectetur suscipit dignissimos. Explicabo excepturi aut. Praesentium atque rerum quaerat.","price":"960.00","imageUrl":"https://source.unsplash.com/1600x900/?product","quantity":85866},{"id":143,"name":"Handmade Plastic Hat","description":"Ut in animi voluptas autem error tenetur et. Voluptatem excepturi et perspiciatis autem molestiae sapiente et maiores architecto.","price":"976.00","imageUrl":"https://source.unsplash.com/1600x900/?product","quantity":97193},{"id":144,"name":"Intelligent Wooden Computer","description":"Voluptas dolorum aut expedita praesentium est est. Consequatur enim nulla. Est vel deleniti error aut reiciendis inventore. Voluptatem dolorum aliquam reprehenderit placeat est at. Omnis provident consequatur vel est culpa nihil est aspernatur sunt. Dolore debitis aut illum aut ipsa omnis esse.","price":"84.00","imageUrl":"https://source.unsplash.com/1600x900/?product","quantity":82606},{"id":145,"name":"Awesome Steel Bacon","description":"Sit corrupti facilis. Quia aut quae cupiditate incidunt et. Est doloremque quas ad et quia ratione omnis dolor. Fuga voluptates tempora ab quos voluptas aut excepturi quasi. Recusandae voluptas quidem odit.","price":"73.00","imageUrl":"https://source.unsplash.com/1600x900/?product","quantity":25427},{"id":146,"name":"Tasty Steel Keyboard","description":"Cum ut velit id autem non. Et ut dolores qui occaecati. Eaque occaecati et necessitatibus aut ad. Molestiae nobis et rerum sed. Et sint a eius cupiditate dolor ea aliquam. Cumque neque rerum totam qui consequatur.","price":"809.00","imageUrl":"https://source.unsplash.com/1600x900/?product","quantity":79005},{"id":147,"name":"Generic Fresh Shoes","description":"Qui beatae asperiores. Fugit eum ut voluptatem.","price":"887.00","imageUrl":"https://source.unsplash.com/1600x900/?product","quantity":58261},{"id":148,"name":"Rustic Granite Keyboard","description":"Cum sunt modi id ipsum doloremque officia perferendis non. Exercitationem suscipit est maxime incidunt. Quisquam nam animi sit. Quia ut atque voluptatem dolorem aspernatur ut dolorem earum labore.","price":"365.00","imageUrl":"https://source.unsplash.com/1600x900/?product","quantity":87337},{"id":149,"name":"Fantastic Plastic Keyboard","description":"Autem consequatur enim molestiae autem expedita est voluptatum eaque voluptatem. Fuga cumque facilis veritatis omnis aspernatur eum eum esse.","price":"34.00","imageUrl":"https://source.unsplash.com/1600x900/?product","quantity":62642},{"id":150,"name":"Licensed Wooden Bike","description":"Porro aut eos quis qui ipsam non minima. Animi minima illo distinctio. Sunt suscipit consectetur unde minus magni voluptatem culpa debitis ipsa. Odio omnis tempore voluptate. Est aut ad ipsum.","price":"316.00","imageUrl":"https://source.unsplash.com/1600x900/?product","quantity":28868},{"id":151,"name":"Practical Soft Computer","description":"Aperiam beatae qui ratione dignissimos. Quas asperiores pariatur odit eum voluptas excepturi qui. Sunt aut ad. Totam et omnis quis autem ea.","price":"165.00","imageUrl":"https://source.unsplash.com/1600x900/?product","quantity":36360},{"id":152,"name":"Incredible Concrete Shirt","description":"Harum repellendus iure doloremque ut fugiat numquam consequatur modi eaque. Nesciunt quis dolorem velit. Hic occaecati aliquam molestias culpa assumenda qui exercitationem amet in.","price":"697.00","imageUrl":"https://source.unsplash.com/1600x900/?product","quantity":95440},{"id":153,"name":"Tasty Metal Chair","description":"Sint quis sed culpa illo aperiam sed iure blanditiis. Dolorem aliquam eius delectus quae.","price":"264.00","imageUrl":"https://source.unsplash.com/1600x900/?product","quantity":16962},{"id":154,"name":"Licensed Soft Bike","description":"Doloribus et voluptate perferendis ut. Sed mollitia iste eveniet rerum rerum dignissimos.","price":"796.00","imageUrl":"https://source.unsplash.com/1600x900/?product","quantity":21822},{"id":155,"name":"Gorgeous Steel Cheese","description":"Et aut consectetur magni iure voluptatibus sit sit. Tempore labore repellat quo libero odio quo qui deleniti. Nihil laudantium ut ab minima cumque magni quo. Consequuntur molestiae voluptas. Sit mollitia quasi. Sint quisquam voluptatum sed voluptas nostrum non non est consequatur.","price":"496.00","imageUrl":"https://source.unsplash.com/1600x900/?product","quantity":37888},{"id":156,"name":"Incredible Granite Chicken","description":"Inventore nihil dicta aut quia quam in omnis tempore. Aut repellat quisquam fuga enim aliquid quod cum voluptatem a. Dolores impedit possimus neque tempore ut deleniti dolor. Non voluptates praesentium ducimus. Rerum praesentium nesciunt. Quis non quia eaque eaque.","price":"533.00","imageUrl":"https://source.unsplash.com/1600x900/?product","quantity":57135},{"id":157,"name":"Small Fresh Hat","description":"Magnam et voluptates vitae sed dicta. Magni sint ratione aut omnis quaerat culpa suscipit impedit. Et accusamus illo delectus qui placeat atque. Perferendis aut eveniet quo consequatur voluptatem.","price":"162.00","imageUrl":"https://source.unsplash.com/1600x900/?product","quantity":37184},{"id":158,"name":"Intelligent Rubber Pants","description":"Aut est est et alias et. Expedita atque autem impedit id repellendus nostrum minus. Dolorem veniam recusandae itaque optio eum aspernatur.","price":"512.00","imageUrl":"https://source.unsplash.com/1600x900/?product","quantity":917},{"id":159,"name":"Licensed Plastic Pizza","description":"Esse ipsam quod. Quam nemo occaecati. Repudiandae est blanditiis quae et praesentium maxime consequuntur qui doloremque.","price":"239.00","imageUrl":"https://source.unsplash.com/1600x900/?product","quantity":34360},{"id":160,"name":"Refined Plastic Shirt","description":"Quis ut eum alias vel maiores numquam consequuntur quod molestias. Sapiente aut consequatur maiores totam culpa consequatur vel et. Ipsam eos quod voluptatum distinctio non commodi.","price":"536.00","imageUrl":"https://source.unsplash.com/1600x900/?product","quantity":89878},{"id":161,"name":"Intelligent Steel Pants","description":"Quia harum modi numquam ut consectetur. Provident est labore dolor temporibus dolore. Animi atque enim enim. Totam et incidunt reprehenderit. Eum aut ratione officiis natus ex voluptate provident. Dolor minus laudantium incidunt assumenda.","price":"853.00","imageUrl":"https://source.unsplash.com/1600x900/?product","quantity":96900},{"id":162,"name":"Handmade Cotton Pants","description":"Voluptatibus eos dolor quis iusto quia enim sunt. In incidunt eum. Repellendus quo recusandae quia quia. Omnis ex vel.","price":"669.00","imageUrl":"https://source.unsplash.com/1600x900/?product","quantity":45331},{"id":163,"name":"Gorgeous Concrete Soap","description":"Veritatis laborum maiores ad et sed labore corporis mollitia. Tenetur eligendi itaque dolorum hic. Distinctio aut ut dolor. Nihil reiciendis a ex aliquam quis est. Est ipsam debitis earum quia officiis quisquam. Suscipit deleniti dolores aspernatur.","price":"668.00","imageUrl":"https://source.unsplash.com/1600x900/?product","quantity":65176},{"id":164,"name":"Unbranded Steel Fish","description":"Beatae eum velit ut magni. Eveniet autem voluptatem labore velit ullam sint non alias. Ipsam odio est voluptatum ut officiis dolores qui et excepturi. Ea ex veritatis dignissimos impedit nulla deleniti aut corrupti. Quo voluptas incidunt sed enim numquam eum. Alias nihil molestiae.","price":"126.00","imageUrl":"https://source.unsplash.com/1600x900/?product","quantity":50470},{"id":165,"name":"Small Soft Salad","description":"Alias nesciunt pariatur sit ipsum laborum. Quaerat ea quo ut. Quibusdam qui repellendus non quas aut eligendi laudantium delectus. Laboriosam officia officia ea. Magni sit et dolorem modi quia necessitatibus.","price":"624.00","imageUrl":"https://source.unsplash.com/1600x900/?product","quantity":26277},{"id":166,"name":"Licensed Plastic Bacon","description":"Ut est ea. Odit quia incidunt voluptate odio dolorem dolor. Est quia accusamus perferendis.","price":"582.00","imageUrl":"https://source.unsplash.com/1600x900/?product","quantity":95347},{"id":167,"name":"Generic Fresh Gloves","description":"Autem quod voluptas facere. Ex ut quidem iusto corrupti voluptatem et ipsa. Iste numquam et quo nam sit sequi. Velit saepe est rerum alias iusto omnis. Vitae exercitationem dolores ut est et accusantium repellat iure expedita.","price":"390.00","imageUrl":"https://source.unsplash.com/1600x900/?product","quantity":84766},{"id":168,"name":"Tasty Wooden Table","description":"Occaecati voluptatem eligendi delectus sapiente laborum molestiae corrupti modi quae. Ad est debitis eligendi maiores. Ut pariatur occaecati quo possimus numquam mollitia. Quae voluptatem qui et quo et delectus et sed consequatur. Facere quo incidunt ex aliquid et. Sunt laborum et.","price":"629.00","imageUrl":"https://source.unsplash.com/1600x900/?product","quantity":59481},{"id":169,"name":"Ergonomic Rubber Pizza","description":"Praesentium aliquid quis vel nisi error consequuntur. Quod corporis magnam corrupti aliquam quo aperiam voluptatum. Doloribus excepturi qui blanditiis. Similique ad provident vel.","price":"550.00","imageUrl":"https://source.unsplash.com/1600x900/?product","quantity":17443},{"id":170,"name":"Incredible Frozen Salad","description":"Earum cum sit a id qui et explicabo accusamus suscipit. Qui saepe rerum. Quo ducimus expedita reiciendis numquam assumenda consectetur.","price":"998.00","imageUrl":"https://source.unsplash.com/1600x900/?product","quantity":67894},{"id":171,"name":"Licensed Rubber Car","description":"Quis laudantium et. Aliquam voluptatem placeat quia non rem vel. Recusandae nobis qui voluptatem nobis. Officia quod harum quibusdam nemo in sit deserunt explicabo.","price":"499.00","imageUrl":"https://source.unsplash.com/1600x900/?product","quantity":11502},{"id":172,"name":"Incredible Wooden Cheese","description":"Nihil ad omnis et est hic quia. Repellat est quaerat fugit omnis dolorem minima minus.","price":"14.00","imageUrl":"https://source.unsplash.com/1600x900/?product","quantity":148},{"id":173,"name":"Intelligent Metal Chair","description":"Velit magnam magnam. Quae est sit occaecati deserunt natus vel. Ut sed molestiae omnis dignissimos. At doloremque non et et in. Veniam consequatur cupiditate est aut atque dolore earum.","price":"837.00","imageUrl":"https://source.unsplash.com/1600x900/?product","quantity":91267},{"id":174,"name":"Incredible Plastic Fish","description":"Voluptatem provident quod reprehenderit esse minus. Quis in et. In quia quas odit in consequatur aut quam molestiae occaecati. Cupiditate quo cum aut ea dolores.","price":"726.00","imageUrl":"https://source.unsplash.com/1600x900/?product","quantity":89100},{"id":175,"name":"Licensed Soft Bacon","description":"Eum necessitatibus rem adipisci debitis sint aut repellendus. Dicta voluptas dolorem eligendi reiciendis voluptatum commodi nisi. Et ab modi asperiores non. Ea omnis officiis aut molestias voluptatem adipisci occaecati.","price":"239.00","imageUrl":"https://source.unsplash.com/1600x900/?product","quantity":96665},{"id":176,"name":"Incredible Cotton Salad","description":"Voluptatum ipsa veniam. Id nobis vel modi et. Distinctio dignissimos deserunt repudiandae. Impedit cupiditate repellendus culpa debitis officia. Aut vel velit iusto consectetur dolores maiores.","price":"794.00","imageUrl":"https://source.unsplash.com/1600x900/?product","quantity":20569},{"id":177,"name":"Ergonomic Concrete Table","description":"Et et voluptatem fuga nostrum perspiciatis aut. In qui aliquam velit est asperiores molestias maxime velit. Omnis quis dolorem totam sed. Repellendus quis dolorem dolorum et soluta debitis. Blanditiis nobis non id libero consectetur nisi similique consequatur cumque.","price":"987.00","imageUrl":"https://source.unsplash.com/1600x900/?product","quantity":283},{"id":178,"name":"Handcrafted Frozen Table","description":"Sequi tempore dolore velit. Mollitia necessitatibus reprehenderit dolores voluptatem illo fugiat. Voluptas eius at pariatur consequatur praesentium et qui libero deserunt. A vero amet distinctio et voluptates.","price":"891.00","imageUrl":"https://source.unsplash.com/1600x900/?product","quantity":83977},{"id":179,"name":"Sleek Rubber Sausages","description":"Eos nobis molestias expedita officia ea. Ratione eius harum ut dolor natus in.","price":"345.00","imageUrl":"https://source.unsplash.com/1600x900/?product","quantity":76495},{"id":180,"name":"Fantastic Rubber Salad","description":"Aut enim quia numquam sunt itaque. Libero placeat dolore et rerum. Incidunt necessitatibus vel quam quia sit in. Est quis vel. Consectetur qui facilis ut in est rerum neque in qui. Voluptas quod facilis odit facilis maxime nam veniam.","price":"991.00","imageUrl":"https://source.unsplash.com/1600x900/?product","quantity":46208},{"id":181,"name":"Unbranded Plastic Hat","description":"Sed ipsam consequuntur consequuntur et. Laboriosam corporis pariatur dicta aut recusandae. Beatae corporis excepturi quaerat qui saepe aliquid. Impedit deleniti veniam animi modi iure quia ea voluptas.","price":"241.00","imageUrl":"https://source.unsplash.com/1600x900/?product","quantity":99753},{"id":182,"name":"Sleek Frozen Pants","description":"Quidem a et quia voluptates. Optio dolores ratione et molestias vel enim quis. Fugit quibusdam est. Esse facere aut dolorum qui aut molestiae odio. Natus laudantium facere corporis.","price":"88.00","imageUrl":"https://source.unsplash.com/1600x900/?product","quantity":66227},{"id":183,"name":"Fantastic Fresh Tuna","description":"Aut accusamus at quis neque in impedit enim qui dolor. Voluptas itaque dignissimos omnis iste animi quo. Quis non qui quia consequuntur et et ducimus ullam id. Rerum eos est sit vel qui distinctio nihil omnis. Autem quia dolor ratione ea dignissimos. Cumque qui doloremque eligendi qui facilis sit quasi.","price":"697.00","imageUrl":"https://source.unsplash.com/1600x900/?product","quantity":89272},{"id":184,"name":"Ergonomic Fresh Chips","description":"Reprehenderit doloribus odio illum. Voluptatum sint quae et et non quisquam qui sit voluptas. Corrupti voluptas asperiores neque assumenda consectetur. Qui distinctio sapiente. In ab facere fugit repellat. Inventore cum adipisci reprehenderit ut asperiores nesciunt reprehenderit quas culpa.","price":"796.00","imageUrl":"https://source.unsplash.com/1600x900/?product","quantity":20920},{"id":185,"name":"Intelligent Rubber Computer","description":"Ea illo ipsa aut dolorem non cupiditate. Quod enim vero sapiente necessitatibus.","price":"950.00","imageUrl":"https://source.unsplash.com/1600x900/?product","quantity":18503},{"id":186,"name":"Incredible Frozen Table","description":"Voluptatem reiciendis reiciendis nostrum nesciunt voluptas enim aperiam nemo. Eius in tempore dolorem sint quasi officia et repudiandae. Voluptatem illum ducimus aut cumque assumenda dolor facilis voluptas. Dicta commodi est aspernatur excepturi dolore ut maxime deserunt. Natus dicta consequuntur repellendus quisquam rerum eveniet enim sed.","price":"984.00","imageUrl":"https://source.unsplash.com/1600x900/?product","quantity":76576},{"id":187,"name":"Intelligent Metal Chips","description":"Aut cum est. Quo fugiat autem reprehenderit velit. Sit omnis culpa tenetur error.","price":"533.00","imageUrl":"https://source.unsplash.com/1600x900/?product","quantity":69387},{"id":188,"name":"Small Wooden Hat","description":"Dolores sed voluptatem ea neque velit nulla quo eligendi. Ipsam est earum perspiciatis incidunt velit a aut doloribus.","price":"66.00","imageUrl":"https://source.unsplash.com/1600x900/?product","quantity":31451},{"id":189,"name":"Rustic Soft Table","description":"Quam fugiat ullam aspernatur voluptatibus commodi. Omnis laboriosam tenetur laudantium laudantium ab dolores cum est. Adipisci repellat itaque omnis totam dolores ut quidem ut. Qui aspernatur aut.","price":"257.00","imageUrl":"https://source.unsplash.com/1600x900/?product","quantity":48258},{"id":190,"name":"Intelligent Fresh Cheese","description":"Magnam dolores magni voluptatem libero magni et. Cum labore qui rerum reprehenderit. Tempore suscipit eligendi nesciunt at est itaque.","price":"267.00","imageUrl":"https://source.unsplash.com/1600x900/?product","quantity":70423},{"id":191,"name":"Incredible Rubber Ball","description":"Fugiat explicabo quas. Ratione eius veniam eos nihil excepturi est cum nam voluptatem. Aut reiciendis et similique suscipit sint sed nam. Illum ducimus aliquam. Omnis omnis accusamus omnis possimus adipisci. Corporis consectetur nulla ad unde commodi quis omnis distinctio.","price":"199.00","imageUrl":"https://source.unsplash.com/1600x900/?product","quantity":45372},{"id":192,"name":"Handmade Frozen Chips","description":"Perferendis voluptas voluptatem sed vero quia quis commodi qui. Illo nulla aliquam ea. Doloremque earum nulla. Aliquid sunt quia quisquam animi in. Voluptas ea nihil fugiat hic velit et doloribus voluptates esse.","price":"918.00","imageUrl":"https://source.unsplash.com/1600x900/?product","quantity":53200},{"id":193,"name":"Refined Plastic Ball","description":"Eius et quos molestias. Distinctio dolor at ex dolores minus.","price":"503.00","imageUrl":"https://source.unsplash.com/1600x900/?product","quantity":76654},{"id":194,"name":"Small Granite Sausages","description":"Omnis nemo ut dolorem repellendus praesentium quidem. Et et consequatur eos. Quas aut pariatur in eos est. Voluptate voluptatem temporibus.","price":"348.00","imageUrl":"https://source.unsplash.com/1600x900/?product","quantity":10256},{"id":195,"name":"Awesome Concrete Chair","description":"Ut porro dolor sint non aspernatur minima voluptates eligendi. Quas voluptas sint sed quisquam. Eos nihil hic eius quo excepturi vel. Voluptatem saepe minus hic facere et dolores ad nemo qui.","price":"90.00","imageUrl":"https://source.unsplash.com/1600x900/?product","quantity":95922},{"id":196,"name":"Handmade Concrete Salad","description":"Quis quibusdam ipsa accusantium labore. Eum dolor fugit quam animi delectus distinctio et. Velit rerum sed expedita tenetur sint quaerat.","price":"217.00","imageUrl":"https://source.unsplash.com/1600x900/?product","quantity":88136},{"id":197,"name":"Unbranded Frozen Gloves","description":"Placeat hic sapiente distinctio nisi quia recusandae harum eius. Quaerat explicabo reiciendis et adipisci. Quas quos neque et modi ut quo. Perspiciatis minus quis nihil tempore at sunt mollitia nihil iste.","price":"188.00","imageUrl":"https://source.unsplash.com/1600x900/?product","quantity":50900},{"id":198,"name":"Incredible Granite Car","description":"Nihil earum et sed qui sed sint et. Non ex et error nulla voluptas et eum itaque. Et delectus voluptates dolore nulla nobis molestias iusto architecto qui.","price":"819.00","imageUrl":"https://source.unsplash.com/1600x900/?product","quantity":23418},{"id":199,"name":"Ergonomic Wooden Tuna","description":"Laborum aut delectus assumenda voluptas nisi dolorum earum consequatur consequatur. Cum iure ad tempora rerum aut laudantium sequi quidem quis. Nihil eligendi ipsum totam est. Ea accusamus eos porro. Similique odit et et vero et qui. Dolor sint soluta enim quas eaque vel cupiditate.","price":"357.00","imageUrl":"https://source.unsplash.com/1600x900/?product","quantity":51804},{"id":200,"name":"Rustic Frozen Pants","description":"Deleniti quos placeat in a et officiis labore. Molestiae eaque qui et. Fuga veniam alias enim necessitatibus. Quia sit et. At architecto inventore architecto similique sint laborum maiores eos voluptatem.","price":"974.00","imageUrl":"https://source.unsplash.com/1600x900/?product","quantity":12918},{"id":201,"name":"Practical Wooden Bacon","description":"Similique totam dolore recusandae perspiciatis omnis reprehenderit perspiciatis eos. Est ut voluptatem magni vero id praesentium sit. Est quia ad. Aut delectus optio et sunt et fuga aliquam temporibus. Itaque omnis repellat consequuntur ex rem beatae at.","price":"863.00","imageUrl":"https://source.unsplash.com/1600x900/?product","quantity":83144},{"id":202,"name":"Refined Rubber Shoes","description":"Est veritatis ipsa accusantium in sed. Explicabo commodi molestiae nihil illo repudiandae reprehenderit aut et eum. Voluptatibus praesentium voluptas.","price":"249.00","imageUrl":"https://source.unsplash.com/1600x900/?product","quantity":76582},{"id":203,"name":"Generic Concrete Hat","description":"Ut doloremque reprehenderit quis voluptatum quia est consequatur. Est aut est. Facilis optio nulla.","price":"506.00","imageUrl":"https://source.unsplash.com/1600x900/?product","quantity":92746},{"id":204,"name":"Licensed Metal Cheese","description":"In similique et facere velit quis rerum sit. Eos quo ullam est eum delectus quia officiis. Architecto quae omnis aliquam dignissimos dolor qui possimus id. Qui reprehenderit dolor sit facere.","price":"631.00","imageUrl":"https://source.unsplash.com/1600x900/?product","quantity":82282},{"id":205,"name":"Small Fresh Bike","description":"Eaque culpa dolorum ipsa quos. Non incidunt reiciendis harum consectetur odit ipsum. Modi ut aliquid dolores. Molestias nisi in possimus rerum.","price":"288.00","imageUrl":"https://source.unsplash.com/1600x900/?product","quantity":6749},{"id":206,"name":"Gorgeous Wooden Hat","description":"Sit alias a blanditiis ut. Asperiores sint ea rerum ipsum aut voluptas minima. Quia omnis nihil voluptatem tempore. Sequi fugit maxime dolorem et quidem libero natus itaque. Rerum earum non.","price":"172.00","imageUrl":"https://source.unsplash.com/1600x900/?product","quantity":98066},{"id":207,"name":"Tasty Granite Mouse","description":"Magni et officia aut consequatur iusto at atque fugiat. Fuga voluptatem ipsum rem. Sapiente maiores nemo voluptatem qui dolor rerum suscipit. Suscipit et sint.","price":"949.00","imageUrl":"https://source.unsplash.com/1600x900/?product","quantity":94295},{"id":208,"name":"Ergonomic Rubber Table","description":"Quia vero earum ut nam. Amet eos perferendis autem amet voluptas distinctio magni.","price":"803.00","imageUrl":"https://source.unsplash.com/1600x900/?product","quantity":68200},{"id":209,"name":"Practical Metal Fish","description":"Nesciunt aut odio non minus est aliquam. Occaecati qui placeat non aut laboriosam eaque corporis. Labore provident occaecati quaerat. Veniam quod similique est in maiores cumque.","price":"694.00","imageUrl":"https://source.unsplash.com/1600x900/?product","quantity":22514},{"id":210,"name":"Tasty Granite Pants","description":"Animi suscipit qui earum error ut qui veniam ut ullam. Dolor id nulla. Dicta cupiditate sint pariatur fugit. Molestias ipsum magnam. Velit sed alias similique culpa est nulla et praesentium esse. Molestiae nihil sit beatae illo.","price":"764.00","imageUrl":"https://source.unsplash.com/1600x900/?product","quantity":32534},{"id":211,"name":"Practical Wooden Bike","description":"Id repellat ut. Quo et sed dignissimos qui qui autem et. Aut aut ab quo ratione. Labore veritatis ut impedit. Voluptatem eos dignissimos nisi.","price":"407.00","imageUrl":"https://source.unsplash.com/1600x900/?product","quantity":95442},{"id":212,"name":"Handcrafted Cotton Hat","description":"Qui eaque aliquid quis ea blanditiis. Repellendus nemo autem perferendis vel at voluptas voluptatem minima.","price":"94.00","imageUrl":"https://source.unsplash.com/1600x900/?product","quantity":92980},{"id":213,"name":"Generic Frozen Soap","description":"Cumque sit id. Laboriosam ut excepturi et suscipit laborum facilis repudiandae.","price":"920.00","imageUrl":"https://source.unsplash.com/1600x900/?product","quantity":2343},{"id":214,"name":"Rustic Cotton Tuna","description":"Provident voluptate ut earum modi. Culpa laborum in et excepturi aliquam eos ut placeat commodi. Quisquam nulla amet qui ut sit molestias sunt eum illum. Molestiae rerum aliquam voluptas possimus incidunt sint aut consectetur. Quia tempora non neque adipisci omnis.","price":"582.00","imageUrl":"https://source.unsplash.com/1600x900/?product","quantity":79342},{"id":215,"name":"Tasty Concrete Car","description":"Aliquam ipsam alias earum sed facere. Eum quidem libero voluptates tenetur facilis sit consequatur. Et est aut. Enim vel laudantium temporibus dicta pariatur.","price":"205.00","imageUrl":"https://source.unsplash.com/1600x900/?product","quantity":83637},{"id":216,"name":"Generic Plastic Chicken","description":"Dolor tenetur omnis qui quam qui. Voluptas dolorem in ut pariatur quis itaque esse animi facere.","price":"245.00","imageUrl":"https://source.unsplash.com/1600x900/?product","quantity":75517},{"id":217,"name":"Licensed Fresh Hat","description":"Reiciendis et error laudantium. Natus quia expedita eum aliquid non modi et totam. Et molestiae nihil sed sit voluptates. A molestias eligendi quia voluptas eius ea animi.","price":"824.00","imageUrl":"https://source.unsplash.com/1600x900/?product","quantity":36812},{"id":218,"name":"Tasty Metal Hat","description":"Qui maxime itaque rerum optio maxime sunt doloremque ut. Ipsa velit sint unde. Eos praesentium ut minima consequatur enim et laboriosam odio. Debitis nisi adipisci voluptatem asperiores. Qui est a dolore rerum repellat nesciunt aut placeat tempore. Aut soluta fuga dicta.","price":"590.00","imageUrl":"https://source.unsplash.com/1600x900/?product","quantity":35880},{"id":219,"name":"Fantastic Plastic Pizza","description":"Consectetur odio nesciunt quae et nesciunt veniam. In quia et eos quo consectetur dolorem est autem et.","price":"664.00","imageUrl":"https://source.unsplash.com/1600x900/?product","quantity":55663},{"id":220,"name":"Rustic Steel Chair","description":"Fugiat magnam similique illum ut accusantium. Ratione deleniti enim iure velit inventore. Eos asperiores nisi velit saepe quas sed.","price":"791.00","imageUrl":"https://source.unsplash.com/1600x900/?product","quantity":30188},{"id":221,"name":"Rustic Wooden Gloves","description":"Odit blanditiis deserunt eos aut sit. Ut minus ut dolorem vel molestias.","price":"932.00","imageUrl":"https://source.unsplash.com/1600x900/?product","quantity":86858},{"id":222,"name":"Handcrafted Cotton Shirt","description":"Culpa est aut. Enim sed omnis illum totam voluptates est adipisci. Excepturi dolorem magni officiis aliquam. Et qui libero nihil consequuntur laborum sint totam quidem. Cupiditate velit eum laboriosam similique amet.","price":"161.00","imageUrl":"https://source.unsplash.com/1600x900/?product","quantity":48242},{"id":223,"name":"Sleek Steel Tuna","description":"Aperiam qui sit facilis minima saepe. Reprehenderit hic id provident voluptatibus quam enim velit. Laudantium dolor modi qui. Consectetur quidem sequi autem exercitationem soluta. Aspernatur consequatur delectus deserunt similique consectetur eaque voluptas temporibus.","price":"609.00","imageUrl":"https://source.unsplash.com/1600x900/?product","quantity":61757},{"id":224,"name":"Intelligent Wooden Shirt","description":"Recusandae consequatur pariatur deleniti deleniti ut ipsa in voluptatem. Eum non atque. Quasi explicabo minima vel non provident.","price":"593.00","imageUrl":"https://source.unsplash.com/1600x900/?product","quantity":15698},{"id":225,"name":"Intelligent Soft Table","description":"Voluptatum minus non rerum aliquam voluptatem. Consequatur aliquam et tempora sed corrupti quibusdam. Ducimus adipisci voluptas voluptas rerum porro.","price":"757.00","imageUrl":"https://source.unsplash.com/1600x900/?product","quantity":31900},{"id":226,"name":"Practical Steel Sausages","description":"Amet repudiandae nam. Eum cupiditate necessitatibus unde quia. Autem sunt blanditiis iusto itaque quisquam itaque omnis. Distinctio quo quos.","price":"646.00","imageUrl":"https://source.unsplash.com/1600x900/?product","quantity":46724},{"id":227,"name":"Awesome Rubber Shirt","description":"Est soluta adipisci quia est tenetur mollitia distinctio recusandae. Est praesentium sit nemo molestiae vero maxime numquam earum. At quidem totam ullam neque. Unde soluta provident mollitia ut eligendi cupiditate laboriosam. Ad doloribus voluptatum fugiat hic aut qui sit esse. Error natus laboriosam fugiat ipsa optio pariatur.","price":"285.00","imageUrl":"https://source.unsplash.com/1600x900/?product","quantity":13574},{"id":228,"name":"Generic Fresh Tuna","description":"In ut adipisci. Quaerat omnis tempora magnam qui repudiandae accusamus. Eius accusamus voluptatum ipsum quae necessitatibus.","price":"555.00","imageUrl":"https://source.unsplash.com/1600x900/?product","quantity":13801},{"id":229,"name":"Intelligent Granite Bike","description":"Cum ea reiciendis soluta in. Maiores aperiam exercitationem ratione consequuntur officia. Veniam cupiditate dolore illo omnis adipisci saepe laudantium nostrum. Omnis consequatur ipsa. Vel dolor quas.","price":"966.00","imageUrl":"https://source.unsplash.com/1600x900/?product","quantity":14702},{"id":230,"name":"Rustic Steel Towels","description":"Facere exercitationem aperiam dicta vel. Aut est ullam omnis natus consectetur nostrum culpa. Nulla minima voluptatem odit aut sint accusantium pariatur voluptatibus vitae. Adipisci consequatur nesciunt consequatur iusto. Vero omnis tenetur consequatur voluptate harum voluptate totam. Eligendi est ratione voluptatem non facilis aut ipsam labore.","price":"845.00","imageUrl":"https://source.unsplash.com/1600x900/?product","quantity":60583},{"id":231,"name":"Ergonomic Rubber Towels","description":"Cupiditate enim cupiditate. Similique nisi voluptatem. Natus ea quisquam qui at officia sit quidem. Explicabo sint quasi. Temporibus non officiis ut sed eos. Hic aliquam itaque modi quo et quidem consequatur sequi.","price":"128.00","imageUrl":"https://source.unsplash.com/1600x900/?product","quantity":22554},{"id":232,"name":"Unbranded Steel Sausages","description":"Ab sed iure. Voluptatem enim ex consectetur. Suscipit sint cumque ipsam. Qui et officia qui dolor sunt rem dolor qui ipsum. Velit esse et excepturi eos esse veritatis soluta soluta.","price":"413.00","imageUrl":"https://source.unsplash.com/1600x900/?product","quantity":43691},{"id":233,"name":"Refined Cotton Ball","description":"Sed sed qui est aliquam. Libero aliquam distinctio ipsa eligendi quae quo eum.","price":"444.00","imageUrl":"https://source.unsplash.com/1600x900/?product","quantity":43067},{"id":234,"name":"Practical Concrete Computer","description":"Distinctio necessitatibus asperiores et dolore vitae ipsum. Amet voluptatem sit reiciendis repudiandae. Laborum consequatur eveniet esse inventore et. Optio et odit nulla suscipit adipisci nemo. Rem voluptatum et. Quia impedit expedita non consequatur qui magnam facere quo.","price":"611.00","imageUrl":"https://source.unsplash.com/1600x900/?product","quantity":36710},{"id":235,"name":"Gorgeous Plastic Cheese","description":"Deserunt consequuntur voluptas vero aut illo. Quia beatae rerum placeat excepturi est. Omnis exercitationem nemo sed aspernatur.","price":"522.00","imageUrl":"https://source.unsplash.com/1600x900/?product","quantity":5733},{"id":236,"name":"Unbranded Wooden Computer","description":"Omnis nihil officia distinctio officiis quasi est debitis esse. Autem odit ab sunt omnis aut architecto quisquam est tempore. Omnis corporis incidunt quia sit minus. Impedit voluptas occaecati et pariatur eius voluptatem ut porro.","price":"12.00","imageUrl":"https://source.unsplash.com/1600x900/?product","quantity":8998},{"id":237,"name":"Ergonomic Steel Tuna","description":"Sunt est accusamus. Consectetur ipsum qui qui aut qui harum. Laborum illum dicta voluptatibus est reprehenderit culpa nemo consectetur qui. Rerum quo quae qui minima tenetur molestias sit autem ipsam. Totam ea quia blanditiis eaque quia.","price":"21.00","imageUrl":"https://source.unsplash.com/1600x900/?product","quantity":1404},{"id":238,"name":"Intelligent Steel Hat","description":"Saepe ut voluptatem est autem fugit blanditiis incidunt. Voluptatum iste qui.","price":"969.00","imageUrl":"https://source.unsplash.com/1600x900/?product","quantity":50287},{"id":239,"name":"Unbranded Soft Fish","description":"Velit optio debitis dolorem ab molestias fugiat fugiat cupiditate cumque. Voluptas numquam ut aut quam consequatur sed et harum.","price":"85.00","imageUrl":"https://source.unsplash.com/1600x900/?product","quantity":1997},{"id":240,"name":"Tasty Steel Mouse","description":"Rerum possimus qui similique dolor corrupti saepe labore non. Omnis sit enim labore non esse maxime sapiente repellendus est. Excepturi non suscipit. Perspiciatis aut soluta rerum ut sunt. Facere velit tenetur harum ipsum tenetur aut.","price":"263.00","imageUrl":"https://source.unsplash.com/1600x900/?product","quantity":3917},{"id":241,"name":"Handmade Metal Pants","description":"Rerum ipsum recusandae sapiente. Suscipit dolorum praesentium.","price":"894.00","imageUrl":"https://source.unsplash.com/1600x900/?product","quantity":45566},{"id":242,"name":"Handcrafted Steel Chair","description":"Voluptas id et. Et quos tenetur. Ut architecto nulla nobis aspernatur tempora assumenda. Eveniet veritatis consequatur eaque.","price":"575.00","imageUrl":"https://source.unsplash.com/1600x900/?product","quantity":15639},{"id":243,"name":"Refined Soft Sausages","description":"Omnis aspernatur illo et libero exercitationem. Blanditiis officiis libero distinctio repellat. Et numquam hic voluptatibus voluptatem beatae ea.","price":"162.00","imageUrl":"https://source.unsplash.com/1600x900/?product","quantity":93656},{"id":244,"name":"Unbranded Plastic Keyboard","description":"Amet minus soluta voluptatum maiores. Nulla accusamus mollitia consequatur at ea quidem impedit repudiandae enim. Temporibus quas suscipit fuga corporis quibusdam quaerat corrupti. Odio aliquam quis sed in.","price":"965.00","imageUrl":"https://source.unsplash.com/1600x900/?product","quantity":56634},{"id":245,"name":"Intelligent Concrete Hat","description":"Ut est sint est rem a illo aperiam ea. Qui unde iusto eaque qui adipisci dolor soluta inventore. Fugit ipsam accusantium magnam porro vel dolorem doloribus voluptas. Veniam est laborum dolor suscipit qui fugit quia est reiciendis.","price":"741.00","imageUrl":"https://source.unsplash.com/1600x900/?product","quantity":43474},{"id":246,"name":"Licensed Cotton Bacon","description":"Quos nam nulla doloribus est. Et non est rem sapiente voluptatum voluptate facilis. Mollitia et animi numquam sunt quia dolores consequuntur impedit nesciunt. Dolores id dolores modi culpa blanditiis eligendi. Exercitationem rerum excepturi eaque est dolores qui.","price":"513.00","imageUrl":"https://source.unsplash.com/1600x900/?product","quantity":37523},{"id":247,"name":"Rustic Frozen Ball","description":"Quaerat sequi eius deserunt aut quaerat accusamus laboriosam enim. Voluptatem in deleniti omnis. Est atque excepturi est expedita enim alias sapiente. Voluptatem totam cum consectetur minima tenetur facere optio non. Repudiandae velit quod error aliquid sequi ratione perspiciatis aspernatur. Vero soluta facere atque odio ex fuga.","price":"810.00","imageUrl":"https://source.unsplash.com/1600x900/?product","quantity":73631},{"id":248,"name":"Unbranded Steel Sausages","description":"Qui et cumque. Quos sit dignissimos nostrum.","price":"310.00","imageUrl":"https://source.unsplash.com/1600x900/?product","quantity":92305},{"id":249,"name":"Incredible Soft Bike","description":"Consequatur et at. Corporis similique officia quas.","price":"655.00","imageUrl":"https://source.unsplash.com/1600x900/?product","quantity":16162},{"id":250,"name":"Unbranded Frozen Car","description":"Nostrum eum voluptatem sunt distinctio voluptatem. Eius quidem eos saepe nostrum et quis ipsum. Id quasi nisi modi rerum consequatur cupiditate.","price":"590.00","imageUrl":"https://source.unsplash.com/1600x900/?product","quantity":84620},{"id":251,"name":"Sleek Wooden Computer","description":"Velit minima ut et et. Aut dolore quasi iusto aut esse praesentium. Tempora doloribus eos corrupti in molestiae omnis iure. Officia rerum libero ducimus rerum illum praesentium quis delectus odio. Sequi consequatur sunt ab consequatur nesciunt dolores.","price":"671.00","imageUrl":"https://source.unsplash.com/1600x900/?product","quantity":78505},{"id":252,"name":"Refined Cotton Towels","description":"At ad voluptatum consequuntur. Omnis autem repudiandae libero.","price":"347.00","imageUrl":"https://source.unsplash.com/1600x900/?product","quantity":26578},{"id":253,"name":"Generic Concrete Computer","description":"Temporibus dolorem nisi similique in velit. Aliquid quae omnis accusamus facilis ipsum laborum ea omnis. Eos accusamus repellendus nihil necessitatibus officiis aliquam dolor dolorem vel. Dolorem quis est quod.","price":"191.00","imageUrl":"https://source.unsplash.com/1600x900/?product","quantity":98419},{"id":254,"name":"Licensed Rubber Shirt","description":"Fugiat perspiciatis enim at debitis ut voluptate. Harum repudiandae nam. Quia voluptatem et fuga voluptas deleniti maxime consectetur cum aut. Et eius deleniti ut error eligendi aut perferendis. Modi voluptas cumque iusto enim repellat amet ab. Non occaecati nesciunt similique nihil magnam sequi eos autem.","price":"885.00","imageUrl":"https://source.unsplash.com/1600x900/?product","quantity":72732},{"id":255,"name":"Generic Wooden Hat","description":"Perferendis rerum rem voluptas. Cum doloribus dolores. Explicabo omnis consectetur tempora ab aliquid quo. Nam et tenetur.","price":"712.00","imageUrl":"https://source.unsplash.com/1600x900/?product","quantity":98782},{"id":256,"name":"Awesome Cotton Hat","description":"Vero rem ullam officia dolores quia molestias. Veritatis laborum dolor aut ab sed expedita nulla.","price":"344.00","imageUrl":"https://source.unsplash.com/1600x900/?product","quantity":78339},{"id":257,"name":"Generic Plastic Car","description":"Dignissimos blanditiis laudantium sed beatae sint quos. Dolor adipisci culpa. Distinctio aspernatur autem voluptatum reprehenderit adipisci.","price":"347.00","imageUrl":"https://source.unsplash.com/1600x900/?product","quantity":53909},{"id":258,"name":"Licensed Cotton Car","description":"Harum officiis nemo architecto nulla tempora omnis voluptates sunt. Nihil perferendis voluptates et. A ratione eaque dicta alias assumenda veritatis. Fugiat et sunt ullam blanditiis. Est vero facere.","price":"684.00","imageUrl":"https://source.unsplash.com/1600x900/?product","quantity":52573},{"id":259,"name":"Practical Frozen Towels","description":"Repellendus veritatis qui modi enim rerum at. Voluptas vel perferendis quaerat facere expedita explicabo repellat. Aut velit non perspiciatis molestias non.","price":"636.00","imageUrl":"https://source.unsplash.com/1600x900/?product","quantity":72787},{"id":260,"name":"Handmade Steel Salad","description":"Qui velit vel. Vitae ipsam ut veniam.","price":"311.00","imageUrl":"https://source.unsplash.com/1600x900/?product","quantity":58526},{"id":261,"name":"Licensed Wooden Hat","description":"Mollitia quidem velit facere qui est eveniet rem nihil. Est earum nam tenetur dolorem consequatur ut omnis debitis. Voluptatem vero est impedit qui quis. Aut ex velit ut voluptate nihil ut asperiores in. Consequuntur assumenda ea.","price":"631.00","imageUrl":"https://source.unsplash.com/1600x900/?product","quantity":84894},{"id":262,"name":"Rustic Rubber Computer","description":"Consequuntur nesciunt inventore commodi fuga deleniti vitae animi in et. Voluptatem reiciendis esse autem illum. Fugiat rerum ea in in. Earum tenetur dolores molestiae alias accusamus. Architecto distinctio autem adipisci neque voluptatem fugiat dolore qui officia. Earum ut fugit est incidunt nostrum in.","price":"459.00","imageUrl":"https://source.unsplash.com/1600x900/?product","quantity":98391},{"id":263,"name":"Tasty Rubber Tuna","description":"Nihil aut et aut. Animi eveniet et autem asperiores voluptate. Sint totam soluta quod sed consequatur doloremque cum velit alias. Et voluptas provident.","price":"580.00","imageUrl":"https://source.unsplash.com/1600x900/?product","quantity":50388},{"id":264,"name":"Incredible Concrete Pants","description":"Ea sunt quam mollitia voluptas esse. Nam non et sint et ut dolore error atque doloribus. Ratione quia velit fugiat rerum est nemo. Voluptatem accusantium animi cumque ipsam id rerum mollitia eos.","price":"429.00","imageUrl":"https://source.unsplash.com/1600x900/?product","quantity":95598},{"id":265,"name":"Handmade Frozen Computer","description":"Veritatis ut magni. Molestiae incidunt quos consequuntur distinctio. Doloribus et corrupti eum voluptatem est.","price":"161.00","imageUrl":"https://source.unsplash.com/1600x900/?product","quantity":45112},{"id":266,"name":"Small Concrete Shoes","description":"Ullam necessitatibus repellat tenetur tenetur sint eos quo. Non facere molestiae maxime. Repellendus et optio enim similique.","price":"228.00","imageUrl":"https://source.unsplash.com/1600x900/?product","quantity":41446},{"id":267,"name":"Intelligent Plastic Towels","description":"Officiis ad fugiat ut. Mollitia quis sed optio voluptas vel distinctio omnis. Autem voluptatem natus quae fugit consequatur in similique sequi ullam. Quia sit aut fugit.","price":"472.00","imageUrl":"https://source.unsplash.com/1600x900/?product","quantity":55692},{"id":268,"name":"Ergonomic Concrete Tuna","description":"Magnam id adipisci. Cum aut ut voluptatem. Maxime pariatur facere tempore. Amet possimus dolorum iste quam et sunt. Ea et tempore.","price":"276.00","imageUrl":"https://source.unsplash.com/1600x900/?product","quantity":290},{"id":269,"name":"Sleek Concrete Sausages","description":"Quaerat dolor culpa et. Tenetur in omnis quis reprehenderit. Quasi sit recusandae. Recusandae qui nisi asperiores eveniet non deserunt vel suscipit. Qui atque in quia quam quis quod. Rerum velit id nulla placeat est.","price":"14.00","imageUrl":"https://source.unsplash.com/1600x900/?product","quantity":51619},{"id":270,"name":"Awesome Soft Mouse","description":"Et quibusdam qui vel repudiandae dolores quam esse minus. Beatae facilis laudantium nam facilis voluptatum tenetur. In enim iure molestiae.","price":"771.00","imageUrl":"https://source.unsplash.com/1600x900/?product","quantity":8236},{"id":271,"name":"Gorgeous Granite Pizza","description":"Ad dolorum nihil doloribus aliquid delectus et ducimus sint. Est suscipit ut aliquid perferendis consequatur quis facere. Beatae ducimus quidem aut quia minima cumque sapiente ut fuga. Ut voluptatem ullam repellat fugiat iure. Blanditiis sit repellat omnis voluptatibus et eveniet nihil veritatis molestias.","price":"537.00","imageUrl":"https://source.unsplash.com/1600x900/?product","quantity":10008},{"id":272,"name":"Unbranded Wooden Soap","description":"Dignissimos sed dolores in harum illo sit iusto. Dolor fuga quibusdam rerum quasi illo velit. Aut voluptas est. Magnam sunt deserunt quia illo unde magni omnis perferendis. Voluptas quas non sed.","price":"733.00","imageUrl":"https://source.unsplash.com/1600x900/?product","quantity":1196},{"id":273,"name":"Awesome Concrete Pizza","description":"Est temporibus velit rerum sapiente quam voluptate soluta non corrupti. Perspiciatis adipisci est earum ut voluptatem aut assumenda. Voluptas cumque quam dignissimos odit totam quisquam ut culpa quam. Qui est qui officiis ut autem dolorem minima qui.","price":"209.00","imageUrl":"https://source.unsplash.com/1600x900/?product","quantity":80325},{"id":274,"name":"Licensed Cotton Chair","description":"Quos non nulla qui et. Quis iure non sed eos. Repudiandae quis fugit ad quas in unde explicabo.","price":"582.00","imageUrl":"https://source.unsplash.com/1600x900/?product","quantity":75015},{"id":275,"name":"Unbranded Rubber Tuna","description":"Ut ut molestiae et atque exercitationem. Enim tenetur veritatis quibusdam quaerat qui ex. Inventore blanditiis dolore deleniti accusantium deserunt aut natus. Qui voluptas vel. Rem quia expedita.","price":"708.00","imageUrl":"https://source.unsplash.com/1600x900/?product","quantity":9612},{"id":276,"name":"Practical Wooden Shoes","description":"Illo perspiciatis aut est odio consectetur doloremque et voluptate magni. Voluptatem consequuntur neque reprehenderit. Magnam optio et porro quidem animi molestiae aut. Autem doloremque expedita a adipisci quis consequatur vel ipsam placeat.","price":"620.00","imageUrl":"https://source.unsplash.com/1600x900/?product","quantity":74473},{"id":277,"name":"Tasty Steel Mouse","description":"Rem rerum quaerat ea ut et facere et. Quis ex cumque id. Quo nulla minus. Ut minima sit repellendus est. Aut vitae aut quis sed. Doloribus fuga dolores vel ipsam.","price":"384.00","imageUrl":"https://source.unsplash.com/1600x900/?product","quantity":72819},{"id":278,"name":"Small Steel Pizza","description":"Laborum est sit iusto. Nobis vero similique repellendus.","price":"747.00","imageUrl":"https://source.unsplash.com/1600x900/?product","quantity":45545},{"id":279,"name":"Practical Cotton Gloves","description":"Soluta nobis numquam inventore laboriosam expedita cupiditate. Aut sapiente at tenetur est eum ut magni. Quia labore nisi. Quasi eius mollitia nihil cupiditate eum. Magnam debitis ut maiores fugiat sed consequuntur atque veniam sit. Non impedit et.","price":"876.00","imageUrl":"https://source.unsplash.com/1600x900/?product","quantity":67351},{"id":280,"name":"Intelligent Fresh Pants","description":"Autem voluptas sequi qui et. Alias dolores velit aut debitis perspiciatis corrupti qui impedit.","price":"209.00","imageUrl":"https://source.unsplash.com/1600x900/?product","quantity":5816},{"id":281,"name":"Incredible Plastic Pants","description":"Aliquid aliquid veritatis ratione. Dolorem pariatur sed dolorum omnis debitis.","price":"454.00","imageUrl":"https://source.unsplash.com/1600x900/?product","quantity":82120},{"id":282,"name":"Handcrafted Rubber Computer","description":"Hic qui dolor. Minima quis exercitationem labore necessitatibus magnam corporis. Assumenda est repellendus voluptate. Voluptatem minus aut quo. Nihil iure earum reiciendis magnam ut cupiditate recusandae.","price":"309.00","imageUrl":"https://source.unsplash.com/1600x900/?product","quantity":28686},{"id":283,"name":"Rustic Metal Bacon","description":"Rerum deserunt iste minus est possimus ut. Quos praesentium et dolores. Tenetur laudantium dolor placeat molestias ducimus. Cumque deserunt eum optio fugiat. Modi dicta consequatur maxime magni deserunt occaecati. Est sint odio sed.","price":"782.00","imageUrl":"https://source.unsplash.com/1600x900/?product","quantity":16922},{"id":284,"name":"Handcrafted Plastic Table","description":"Expedita et sequi rerum nisi eos vero dolor consequatur. Est aliquid aut sit. Et est tempore minima quisquam adipisci labore aliquid.","price":"844.00","imageUrl":"https://source.unsplash.com/1600x900/?product","quantity":9830},{"id":285,"name":"Tasty Plastic Mouse","description":"Inventore maiores nihil omnis id. Doloribus et ipsam perspiciatis similique et.","price":"906.00","imageUrl":"https://source.unsplash.com/1600x900/?product","quantity":39836},{"id":286,"name":"Tasty Soft Mouse","description":"Repudiandae dolorem ratione quis quis est dolorum consequatur. Sequi alias eaque voluptatem incidunt. Ex corrupti in nemo deserunt quas consequatur. Velit architecto et. Amet consequatur est quibusdam nemo autem.","price":"738.00","imageUrl":"https://source.unsplash.com/1600x900/?product","quantity":28159},{"id":287,"name":"Intelligent Plastic Bike","description":"Recusandae velit velit. Est voluptas placeat. Id ut pariatur quibusdam perferendis sed provident beatae rem sint.","price":"228.00","imageUrl":"https://source.unsplash.com/1600x900/?product","quantity":69846},{"id":288,"name":"Handmade Fresh Ball","description":"Ut quo in non ex soluta vel voluptatum fugit. Magnam et quis. Ut consequatur alias quis ipsum consequatur qui odit qui.","price":"194.00","imageUrl":"https://source.unsplash.com/1600x900/?product","quantity":29988},{"id":289,"name":"Licensed Granite Chips","description":"Excepturi sed et est sapiente quis quasi distinctio. Earum quod dolore. Impedit facere assumenda.","price":"574.00","imageUrl":"https://source.unsplash.com/1600x900/?product","quantity":6534},{"id":290,"name":"Handmade Rubber Bike","description":"Soluta fuga delectus et consequatur doloribus necessitatibus molestiae soluta. Sed deleniti voluptatum libero est veritatis esse culpa eum enim. Eligendi et non repudiandae et natus eos.","price":"75.00","imageUrl":"https://source.unsplash.com/1600x900/?product","quantity":79696},{"id":291,"name":"Handmade Fresh Shirt","description":"Laudantium eaque magnam neque. Ab totam esse. Quo esse maiores totam vero aspernatur ea. Sit corrupti optio aut et odit. Incidunt quia expedita pariatur sunt iste deleniti. Illum rerum ea et quam assumenda et vel est.","price":"746.00","imageUrl":"https://source.unsplash.com/1600x900/?product","quantity":69655},{"id":292,"name":"Unbranded Wooden Computer","description":"Ut et asperiores quas aperiam vel minima. Quo vel earum necessitatibus minus facere dolorem optio eos molestias. Qui qui aut. Voluptatibus nesciunt alias ducimus magnam ut aut et alias. Esse optio dolores voluptas similique vel minus ipsam.","price":"701.00","imageUrl":"https://source.unsplash.com/1600x900/?product","quantity":23541},{"id":293,"name":"Tasty Soft Shirt","description":"Eveniet aut possimus sed excepturi pariatur nulla. Qui amet omnis consequuntur vel sunt in. Nihil corrupti rerum aliquam saepe vero dolores nemo sed.","price":"671.00","imageUrl":"https://source.unsplash.com/1600x900/?product","quantity":871},{"id":294,"name":"Incredible Fresh Cheese","description":"Dolore id hic totam impedit error eos. Et quidem aspernatur est. Ea velit labore fugit quo nisi sit voluptatem repudiandae. Reiciendis modi accusantium. Quis tempora facilis ex. Qui doloremque omnis ut quasi ut.","price":"314.00","imageUrl":"https://source.unsplash.com/1600x900/?product","quantity":18261},{"id":295,"name":"Incredible Granite Table","description":"Reiciendis rerum molestias sit omnis sequi molestiae facilis et voluptate. Repudiandae non ut non dignissimos culpa voluptatum. Possimus doloribus atque molestias molestiae labore dicta numquam nostrum. Ut et tempore. Adipisci eaque et voluptatem id aliquam iusto. Voluptatem natus quisquam eos itaque exercitationem delectus a in aut.","price":"485.00","imageUrl":"https://source.unsplash.com/1600x900/?product","quantity":72205},{"id":296,"name":"Intelligent Plastic Ball","description":"Laudantium rem quasi adipisci debitis reiciendis maxime nihil. Similique ut id quia est iure illum sunt. Ut voluptates repellat doloremque quia iste exercitationem. Earum molestias facere nobis autem error iste dolorem error. Autem deleniti nulla sunt rerum dolor.","price":"158.00","imageUrl":"https://source.unsplash.com/1600x900/?product","quantity":12046},{"id":297,"name":"Gorgeous Cotton Shoes","description":"Vitae expedita provident ut porro incidunt dolores amet. Eos rerum soluta eum perspiciatis assumenda delectus consequatur. Placeat inventore incidunt similique ea sunt. Odio omnis et iusto sapiente sapiente. Ducimus aut optio eos ipsa perferendis magnam excepturi voluptas.","price":"359.00","imageUrl":"https://source.unsplash.com/1600x900/?product","quantity":59827},{"id":298,"name":"Fantastic Steel Tuna","description":"Eum voluptate impedit deserunt porro aspernatur. Sequi ut dicta blanditiis modi nihil quaerat laboriosam.","price":"397.00","imageUrl":"https://source.unsplash.com/1600x900/?product","quantity":97116},{"id":299,"name":"Gorgeous Concrete Mouse","description":"Quia consequuntur unde nihil doloremque enim nam rerum temporibus. Tempore et nemo quia impedit mollitia enim. Numquam nulla adipisci enim eveniet quia nihil. Sapiente aut aperiam.","price":"526.00","imageUrl":"https://source.unsplash.com/1600x900/?product","quantity":28487},{"id":300,"name":"Intelligent Metal Pants","description":"Nobis sed eligendi numquam mollitia magnam voluptas non sapiente. Doloribus necessitatibus vel quam saepe debitis ipsa et natus. Aut perferendis in. Enim quaerat aliquam. Quis tempore officia.","price":"893.00","imageUrl":"https://source.unsplash.com/1600x900/?product","quantity":148}]}
